Manufacturer,Name,Association No,Default Language,Country,Creation Date
NORA,Nora,3,,UNITED STATES OF AME,3/13/2023
CNTB,Canterbury,3,,UNITED STATES OF AME,3/13/2023
CRNG,Carnegie,3,,UNITED STATES OF AME,3/13/2023
DIMN,Dimension,3,,UNITED STATES OF AME,3/13/2023
GEWC,Glen Eden Wool Carpet,3,,UNITED STATES OF AME,3/13/2023
HBGR,Harbinger,3,,UNITED STATES OF AME,3/13/2023
HUDS,Hudson Commercial,3,,UNITED STATES OF AME,3/13/2023
USDS,US Design Source,3,,UNITED STATES OF AME,3/13/2023
VNDK,Van Dijk Carpets,3,,UNITED STATES OF AME,3/13/2023
WRLD,World Carpets,3,,UNITED STATES OF AME,3/13/2023
SNRS,Sunrise Carpets,3,,UNITED STATES OF AME,3/13/2023
ALAD,Aladdin,3,,UNITED STATES OF AME,3/13/2023
BK,Bigelo-Karastan,3,,UNITED STATES OF AME,3/13/2023
BRTL,Bretlin,3,,UNITED STATES OF AME,3/13/2023
CMBG,Cambridge,3,,UNITED STATES OF AME,3/13/2023
DC,Designer Carpet,3,,UNITED STATES OF AME,3/13/2023
FBRW,Fibreworks,3,,UNITED STATES OF AME,3/13/2023
FRTN,Fortune,3,,UNITED STATES OF AME,3/13/2023
LOTU,Lotus,3,,UNITED STATES OF AME,3/13/2023
PRTR,Porter,3,,UNITED STATES OF AME,3/13/2023
SUPM,Supreme,3,,UNITED STATES OF AME,3/13/2023
WSOL,Western Solutions,3,,UNITED STATES OF AME,3/13/2023
WLSH,Woolshire,3,,UNITED STATES OF AME,3/13/2023
WTRH,Waterhog,3,,UNITED STATES OF AME,3/13/2023
WNWV,Wunda Weave,3,,UNITED STATES OF AME,3/13/2023
UNTP,United Technical Products,3,,UNITED STATES OF AME,3/13/2023
MTWV,Masterweave,3,,UNITED STATES OF AME,3/13/2023
FELTX,Feltex,3,,UNITED STATES OF AME,3/13/2023
BUEL,Buell,3,,UNITED STATES OF AME,3/13/2023
RODN,Robbins,3,,UNITED STATES OF AME,3/13/2023
TFLX,Tuflex,3,,UNITED STATES OF AME,3/13/2023
3M,3M,3,,UNITED STATES OF AME,3/13/2023
AHF,Anderson Hardwood Floors,3,,UNITED STATES OF AME,3/13/2023
MCR,Mercer,3,,UNITED STATES OF AME,3/13/2023
SCTR,Schluter,3,,UNITED STATES OF AME,3/13/2023
SCI,SCI,3,,UNITED STATES OF AME,3/13/2023
MTRS,Metro Step,3,,UNITED STATES OF AME,3/13/2023
LNSL,Lonseal,3,,UNITED STATES OF AME,3/13/2023
AMBL,American Biltrite,3,,UNITED STATES OF AME,3/13/2023
DR,Dodge Regupol,3,,UNITED STATES OF AME,3/13/2023
MLTR,Moultrie,3,,UNITED STATES OF AME,3/13/2023
UTP,UTP,3,,UNITED STATES OF AME,3/13/2023
TATE,Tate,3,,UNITED STATES OF AME,3/13/2023
EXFX,Exerflex,3,,UNITED STATES OF AME,3/13/2023
ERC,E.R. Carpenter,3,,UNITED STATES OF AME,3/13/2023
TRED,Tredmore,3,,UNITED STATES OF AME,3/13/2023
MNDO,Mondo America,3,,UNITED STATES OF AME,3/13/2023
ALLS,Allstate,3,,UNITED STATES OF AME,3/13/2023
CRND,Coronado,3,,UNITED STATES OF AME,3/13/2023
ENDR,Endura,3,,UNITED STATES OF AME,3/13/2023
KLEN,"Kleen-Tex Industries, Inc.",3,,UNITED STATES OF AME,3/13/2023
ALSY,Allison Seymour,3,,UNITED STATES OF AME,3/13/2023
ANTR,Antrim,3,,UNITED STATES OF AME,3/13/2023
S CC,Shaw Cabin Crafts,3,,UNITED STATES OF AME,3/13/2023
ATLR,Atelier,3,,UNITED STATES OF AME,3/13/2023
CRCT,Carousel Carpets,3,,UNITED STATES OF AME,3/13/2023
CTKY,Costikyan,3,,UNITED STATES OF AME,3/13/2023
CRLM,Creative Looms,3,,UNITED STATES OF AME,3/13/2023
EXCK,Expanko Cork,3,,UNITED STATES OF AME,3/13/2023
S ED,Shaw Expressive Designs,3,,UNITED STATES OF AME,3/13/2023
GLXY,Galaxy,3,,UNITED STATES OF AME,3/13/2023
GH,Godfrey Hirst,3,,UNITED STATES OF AME,3/13/2023
GTI,"Grass Tex, Inc.",3,,UNITED STATES OF AME,3/13/2023
KALT,Kalaty,3,,UNITED STATES OF AME,3/13/2023
KANE,Kane Carpet,3,,UNITED STATES OF AME,3/13/2023
KARS,Karastan,3,,UNITED STATES OF AME,3/13/2023
KARC,Karastan Contract,3,,UNITED STATES OF AME,3/13/2023
KEY,Key,3,,UNITED STATES OF AME,3/13/2023
S NX,Shaw Networx,3,,UNITED STATES OF AME,3/13/2023
NRSN,Nourison,3,,UNITED STATES OF AME,3/13/2023
OLNY,Olney Wallcovering,3,,UNITED STATES OF AME,3/13/2023
SCHM,Schumacher/Waverly,3,,UNITED STATES OF AME,3/13/2023
SBRK,Seabrook,3,,UNITED STATES OF AME,3/13/2023
SHAB,Shabati,3,,UNITED STATES OF AME,3/13/2023
S RG,Shaw Rugs,3,,UNITED STATES OF AME,3/13/2023
STRT,Stratton,3,,UNITED STATES OF AME,3/13/2023
FLTX,Flotex,3,,UNITED STATES OF AME,3/13/2023
GRMF,GREEN MOUNTAIN FLOORING,3,,UNITED STATES OF AME,3/13/2023
RYSC,Royal Scot,3,,UNITED STATES OF AME,3/13/2023
RBTX,Robertex,3,,UNITED STATES OF AME,3/13/2023
KRAS,Kraus,3,,UNITED STATES OF AME,3/13/2023
PVFS,Parterre Vinyl Floor System,3,,UNITED STATES OF AME,3/13/2023
S MK,ShawMark,3,,UNITED STATES OF AME,3/13/2023
S HD,Shaw Hospitality Designs,3,,UNITED STATES OF AME,3/13/2023
LV T,LaVelle Textile,3,,UNITED STATES OF AME,3/13/2023
NAXOS,Naxos,3,,UNITED STATES OF AME,3/13/2023
MATS,Mats Inc.,3,,UNITED STATES OF AME,3/13/2023
HBRN,Hibernia,3,,UNITED STATES OF AME,3/13/2023
CRPT,Crosspoint,3,,UNITED STATES OF AME,3/13/2023
STSF,Stadium Surface,3,,UNITED STATES OF AME,3/13/2023
SWCP,Southwind Carpet,3,,UNITED STATES OF AME,3/13/2023
ROCM,Royalty Carpet Mills,3,,UNITED STATES OF AME,3/13/2023
DCM,Delta Carpet Mills,3,,UNITED STATES OF AME,3/13/2023
OMEG,Omega,3,,UNITED STATES OF AME,3/13/2023
JNTH,Jonathan,3,,UNITED STATES OF AME,3/13/2023
JULI,Julie Industries,3,,UNITED STATES OF AME,3/13/2023
TCM,Templeton Carpet Mills,3,,UNITED STATES OF AME,3/13/2023
BW,Belknap White,3,,UNITED STATES OF AME,3/13/2023
CSA,Construction Specialities Acrovyn,3,,UNITED STATES OF AME,3/13/2023
CORN,Coronet,3,,UNITED STATES OF AME,3/13/2023
SGHP,Signature Hospitality,3,,UNITED STATES OF AME,3/13/2023
PP,Parkland Plastics,3,,UNITED STATES OF AME,3/13/2023
STCR,State Crest,3,,UNITED STATES OF AME,3/13/2023
SAMA,Samad,3,,UNITED STATES OF AME,3/13/2023
HM,Hugh MacKay,3,,UNITED STATES OF AME,3/13/2023
FF,Florida Floorings,3,,UNITED STATES OF AME,3/13/2023
ANDR,The Anderson Co.,3,,UNITED STATES OF AME,3/13/2023
EGE,ege Carpet,3,,UNITED STATES OF AME,3/13/2023
STRK,Stark,3,,UNITED STATES OF AME,3/13/2023
CCUR,C-Cure,3,,UNITED STATES OF AME,3/13/2023
CNTV,Centiva,3,,UNITED STATES OF AME,3/13/2023
AMBR,American Berber West,3,,UNITED STATES OF AME,3/13/2023
ESQR,Esquire,3,,UNITED STATES OF AME,3/13/2023
JUNK,Junkers Hardwood,3,,UNITED STATES OF AME,3/13/2023
FREE,Freedom Carpet,3,,UNITED STATES OF AME,3/13/2023
FOAM,Foamex,3,,UNITED STATES OF AME,3/13/2023
SCM,Shaheen Carpet Mills,3,,UNITED STATES OF AME,3/13/2023
ADIR,Adirondack Flooring,3,,UNITED STATES OF AME,3/13/2023
AMCO,Amco Tools,3,,UNITED STATES OF AME,3/13/2023
ARDN,Arden Architectural,3,,UNITED STATES OF AME,3/13/2023
BONR,Bonar Floors,3,,UNITED STATES OF AME,3/13/2023
BONS,Bonsal Company,3,,UNITED STATES OF AME,3/13/2023
FLEX,Flextile LTD.,3,,UNITED STATES OF AME,3/13/2023
FRNK,Franklin International,3,,UNITED STATES OF AME,3/13/2023
GCL,Gerflor Contract Flooring,3,,UNITED STATES OF AME,3/13/2023
LGPT,Leggett & Platt,3,,UNITED STATES OF AME,3/13/2023
OLMP,Olympia Tile,3,,UNITED STATES OF AME,3/13/2023
PAWL,Pawling Corporation,3,,UNITED STATES OF AME,3/13/2023
PIRL,Pirelli Rubber,3,,UNITED STATES OF AME,3/13/2023
POLY,Polyflor,3,,UNITED STATES OF AME,3/13/2023
QUTC,Quarry Tile Co.,3,,UNITED STATES OF AME,3/13/2023
RCAR,R.C.A. Rubber Co.,3,,UNITED STATES OF AME,3/13/2023
TKSC,TekStil Concepts,3,,UNITED STATES OF AME,3/13/2023
USG,USG,3,,UNITED STATES OF AME,3/13/2023
USR,US Rubber,3,,UNITED STATES OF AME,3/13/2023
BOLO,Bolon,3,,UNITED STATES OF AME,3/13/2023
RYAX,Royal Axminster,3,,UNITED STATES OF AME,3/13/2023
HRTK,Harris Tarkett,3,,UNITED STATES OF AME,3/13/2023
MZTL,Marazzi Tile,3,,UNITED STATES OF AME,3/13/2023
PRSN,Personna,3,,UNITED STATES OF AME,3/13/2023
INPR,InPro Corporation,3,,UNITED STATES OF AME,3/13/2023
PEDI,Pedi-Mat,3,,UNITED STATES OF AME,3/13/2023
MTWK,Matworks,3,,UNITED STATES OF AME,3/13/2023
NTCK,Natural Cork,3,,UNITED STATES OF AME,3/13/2023
RNTL,Renaissance Tile,3,,UNITED STATES OF AME,3/13/2023
RGTL,Ragno Tile,3,,UNITED STATES OF AME,3/13/2023
PLM,"Patterson, Flynn, & Martin",3,,UNITED STATES OF AME,3/13/2023
CTST,Cultured Stone,3,,UNITED STATES OF AME,3/13/2023
LSVT,Louisville Tile,3,,UNITED STATES OF AME,3/13/2023
FLGR,Floor Gres,3,,UNITED STATES OF AME,3/13/2023
S SC,Shaw Sutton Carpets,3,,UNITED STATES OF AME,3/13/2023
RUGM,The Rug Market,3,,UNITED STATES OF AME,3/13/2023
TNTN,Tin Tawn,3,,UNITED STATES OF AME,3/13/2023
S TM,Shaw Trustmark,3,,UNITED STATES OF AME,3/13/2023
S TF,Shaw Tuftex,3,,UNITED STATES OF AME,3/13/2023
VNTG,Vantage,3,,UNITED STATES OF AME,3/13/2023
WVMK,Wavemaker,3,,UNITED STATES OF AME,3/13/2023
WLTN,Wilton Royal USA,3,,UNITED STATES OF AME,3/13/2023
ZRFY,Zoroufy,3,,UNITED STATES OF AME,3/13/2023
ZMPN,Zumpano Enterprises,3,,UNITED STATES OF AME,3/13/2023
LIMT,Limonta,3,,UNITED STATES OF AME,3/13/2023
AFCO,AFCO-USA,3,,UNITED STATES OF AME,3/13/2023
AZOS,AZO Synthetic Gmbh & Co.,3,,UNITED STATES OF AME,3/13/2023
ABET,Abet Inc.,3,,UNITED STATES OF AME,3/13/2023
ABI,Accu-Cut/Brackle International,3,,UNITED STATES OF AME,3/13/2023
ATMC,Allied Tile Mfg. Corp,3,,UNITED STATES OF AME,3/13/2023
ASF,Allied Signal Fibers,3,,UNITED STATES OF AME,3/13/2023
ALTR,Altro Floors,3,,UNITED STATES OF AME,3/13/2023
AMTI,"American Marazzi Tile, Inc.",3,,UNITED STATES OF AME,3/13/2023
AIS,Amorim Industrial Solutions,3,,UNITED STATES OF AME,3/13/2023
ANDX,Andex Corp,3,,UNITED STATES OF AME,3/13/2023
ABC,Astor Blade Corp.,3,,UNITED STATES OF AME,3/13/2023
BHKA,BHK of America,3,,UNITED STATES OF AME,3/13/2023
BACT,Basic Coatings,3,,UNITED STATES OF AME,3/13/2023
BJGC,Beno J. Gundlach Co.,3,,UNITED STATES OF AME,3/13/2023
BHFI,"Boan Hardwood Flooring, Inc.",3,,UNITED STATES OF AME,3/13/2023
BKU,"BonaKemi USA, Inc.",3,,UNITED STATES OF AME,3/13/2023
BSTK,Bostik,3,,UNITED STATES OF AME,3/13/2023
BHFA,Burlington House Floor Accents,3,,UNITED STATES OF AME,3/13/2023
CGMI,C. G. M. Inc.,3,,UNITED STATES OF AME,3/13/2023
CDMS,CDMS Inc.,3,,UNITED STATES OF AME,3/13/2023
CAUS,"Capitol USA, LLC",3,,UNITED STATES OF AME,3/13/2023
CSS,Carlisle Surfacing Systems,3,,UNITED STATES OF AME,3/13/2023
CRCP,Carriage Carpets,3,,UNITED STATES OF AME,3/13/2023
CCCI,"Carter Custom Carpets, Inc.",3,,UNITED STATES OF AME,3/13/2023
CTC,"Ceramic Tool Company, Inc.",3,,UNITED STATES OF AME,3/13/2023
CHLG,"Challenger Industries, Inc.",3,,UNITED STATES OF AME,3/13/2023
CLMB,Columbine International,3,,UNITED STATES OF AME,3/13/2023
CFS,"Compass Flooring Solutions, Inc.",3,,UNITED STATES OF AME,3/13/2023
CRID,ChemRex Industrial Division,3,,UNITED STATES OF AME,3/13/2023
CLCC,Clarke Ceramic Corp.,3,,UNITED STATES OF AME,3/13/2023
CAW,ClassicAir Woodvents,3,,UNITED STATES OF AME,3/13/2023
CSGC,Cold Spring Granite Company,3,,UNITED STATES OF AME,3/13/2023
CMI,"Colonial Mills, Inc.",3,,UNITED STATES OF AME,3/13/2023
CLMF,Columbia Flooring,3,,UNITED STATES OF AME,3/13/2023
CCML,Crossley Carpets Mills Limited,3,,UNITED STATES OF AME,3/13/2023
CBP,Custom Building Products,3,,UNITED STATES OF AME,3/13/2023
DAP,DAP Inc.,3,,UNITED STATES OF AME,3/13/2023
DGP,Deco Guard Products,3,,UNITED STATES OF AME,3/13/2023
DCC,Dependable Chemical Co. Inc.,3,,UNITED STATES OF AME,3/13/2023
FLXC,Flexco,3,,UNITED STATES OF AME,3/13/2023
ZBRK,ZBurk,3,,UNITED STATES OF AME,3/13/2023
PRGO,Pergo,3,,UNITED STATES OF AME,3/13/2023
VPI,VPI,3,,UNITED STATES OF AME,3/13/2023
ARDX,Ardex,3,,UNITED STATES OF AME,3/13/2023
CRAN,Crain,3,,UNITED STATES OF AME,3/13/2023
ORCN,Orcon,3,,UNITED STATES OF AME,3/13/2023
CPOF,Carpets of Fashion,3,,UNITED STATES OF AME,3/13/2023
ERTX,Eurotex,3,,UNITED STATES OF AME,3/13/2023
FRTZ,Fritztile,3,,UNITED STATES OF AME,3/13/2023
MRLY,Marley Floors,3,,UNITED STATES OF AME,3/13/2023
TOLI,Toli,3,,UNITED STATES OF AME,3/13/2023
OMEX,Old Mexico,3,,UNITED STATES OF AME,3/13/2023
TLVR,Talavera,3,,UNITED STATES OF AME,3/13/2023
SPTR,Spectrum & Handprints,3,,UNITED STATES OF AME,3/13/2023
COBS,Cobsa,3,,UNITED STATES OF AME,3/13/2023
EPC,E.P.C.,3,,UNITED STATES OF AME,3/13/2023
TRRG,Terra Green,3,,UNITED STATES OF AME,3/13/2023
USCT,U.S. Ceramic Tile Int'l,3,,UNITED STATES OF AME,3/13/2023
USCR,U.S. Ceramics,3,,UNITED STATES OF AME,3/13/2023
AITH,A.I.T. Handprints on U. S. C.,3,,UNITED STATES OF AME,3/13/2023
LSTL,"Listello, U.S.A.",3,,UNITED STATES OF AME,3/13/2023
HRJ,H & R Johnson/Minton Hollins,3,,UNITED STATES OF AME,3/13/2023
CRAS,Ceramic Accessories,3,,UNITED STATES OF AME,3/13/2023
MTRC,Metropolitan Ceramics,3,,UNITED STATES OF AME,3/13/2023
MRCR,Marion Ceramics/Pee Dee Pavers,3,,UNITED STATES OF AME,3/13/2023
FNDR,Fiandre,3,,UNITED STATES OF AME,3/13/2023
LONE,Lone Star,3,,UNITED STATES OF AME,3/13/2023
PHNX,Phoenix,3,,UNITED STATES OF AME,3/13/2023
HYDR,Hydroment,3,,UNITED STATES OF AME,3/13/2023
AMOL,American Olean,3,,UNITED STATES OF AME,3/13/2023
GRTG,Granitogres,3,,UNITED STATES OF AME,3/13/2023
CRSV,Crossville,3,,UNITED STATES OF AME,3/13/2023
GRNX,Granirex,3,,UNITED STATES OF AME,3/13/2023
RYMS,Royal Mosa,3,,UNITED STATES OF AME,3/13/2023
CRTN,Ceramic Technics,3,,UNITED STATES OF AME,3/13/2023
LTCO,Latco,3,,UNITED STATES OF AME,3/13/2023
CUST,Custom Building Products,3,,UNITED STATES OF AME,3/13/2023
TEC,Tec,3,,UNITED STATES OF AME,3/13/2023
FBC,Florida Brick & Clay,3,,UNITED STATES OF AME,3/13/2023
AQUM,Aqua Mix,3,,UNITED STATES OF AME,3/13/2023
ICB,IC Brite,3,,UNITED STATES OF AME,3/13/2023
CLSC,Classic Tile,3,,UNITED STATES OF AME,3/13/2023
CRMB,Crystal Marble,3,,UNITED STATES OF AME,3/13/2023
DATL,Dal Tile,3,,UNITED STATES OF AME,3/13/2023
DRCK,Durock,3,,UNITED STATES OF AME,3/13/2023
LTCR,Laticrete,3,,UNITED STATES OF AME,3/13/2023
MAPE,Mapie,3,,UNITED STATES OF AME,3/13/2023
ELIT,Elite,3,,UNITED STATES OF AME,3/13/2023
EB,Evans & Black,3,,UNITED STATES OF AME,3/13/2023
S SL,Shaw Salem,3,,UNITED STATES OF AME,3/13/2023
OTM,Oregon Tile & Marble,3,,UNITED STATES OF AME,3/13/2023
WNKE,Wanke Cascade,3,,UNITED STATES OF AME,3/13/2023
UNIQ,Uniq,3,,UNITED STATES OF AME,3/13/2023
AMSL,American Slate,3,,UNITED STATES OF AME,3/13/2023
OPTM,Optimum Tech,3,,UNITED STATES OF AME,3/13/2023
LOWE,Lowe's,3,,UNITED STATES OF AME,3/13/2023
KELG,Kelly Goodwin,3,,UNITED STATES OF AME,3/13/2023
SBMC,Sbemco,3,,UNITED STATES OF AME,3/13/2023
INVS,Invision,3,,UNITED STATES OF AME,3/13/2023
DALT,Daltonian,3,,UNITED STATES OF AME,3/13/2023
DOMC,Domco,3,,UNITED STATES OF AME,3/13/2023
WTWV,Westweave,3,,UNITED STATES OF AME,3/13/2023
KHRS,Kahrs,3,,UNITED STATES OF AME,3/13/2023
FRMC,Formica,3,,UNITED STATES OF AME,3/13/2023
S HW,Shaw Hardwoods,3,,UNITED STATES OF AME,3/13/2023
SPNG,Sponge Cushion,3,,UNITED STATES OF AME,3/13/2023
LZRN,Luzern,3,,UNITED STATES OF AME,3/13/2023
CRES,Crescent,3,,UNITED STATES OF AME,3/13/2023
TPC,Tai Ping Carpets,3,,UNITED STATES OF AME,3/13/2023
PF,Perfect Flooring,3,,UNITED STATES OF AME,3/13/2023
FLORT,Florida Tile,3,,UNITED STATES OF AME,3/13/2023
BSZZ,Bisazza,3,,UNITED STATES OF AME,3/13/2023
KEOP,Keope,3,,UNITED STATES OF AME,3/13/2023
BOLY,Bolyu,3,,UNITED STATES OF AME,3/13/2023
SUPR,Superior,3,,UNITED STATES OF AME,3/13/2023
PRMG,Permagrain,3,,UNITED STATES OF AME,3/13/2023
RCM,R C Musson,3,,UNITED STATES OF AME,3/13/2023
WLSN,Wilsonart,3,,UNITED STATES OF AME,3/13/2023
SMVL,Summitville,3,,UNITED STATES OF AME,3/13/2023
MRCL,Miracle,3,,UNITED STATES OF AME,3/13/2023
GRDS,Gradus,3,,UNITED STATES OF AME,3/13/2023
DIAM,Diamond,3,,UNITED STATES OF AME,3/13/2023
S LM,Shaw Laminates,3,,UNITED STATES OF AME,3/13/2023
MKDN,Macklenburg Duncan,3,,UNITED STATES OF AME,3/13/2023
THRN,Thornton Tile & Marble,3,,UNITED STATES OF AME,3/13/2023
BGRD,Bengard,3,,UNITED STATES OF AME,3/13/2023
GNRC,Generic,3,,UNITED STATES OF AME,3/13/2023
SLFX,Sealflex,3,,UNITED STATES OF AME,3/13/2023
VLK,Velok,3,,UNITED STATES OF AME,3/13/2023
DNFX,Dinoflex,3,,UNITED STATES OF AME,3/13/2023
NFCO,Nafco,3,,UNITED STATES OF AME,3/13/2023
OSCD,"Oscoda Plastics, Inc.",3,,UNITED STATES OF AME,3/13/2023
ESTR,Estrie,3,,UNITED STATES OF AME,3/13/2023
S TL,Shaw Tile,3,,UNITED STATES OF AME,3/13/2023
S HF,Shaw Home Foundations,3,,UNITED STATES OF AME,3/13/2023
NHC,National Home Centers,3,,UNITED STATES OF AME,3/13/2023
UNDF,Undefined,3,,UNITED STATES OF AME,3/13/2023
C&A,Collins and Aikmann,3,,UNITED STATES OF AME,3/13/2023
LEES,Lees,3,,UNITED STATES OF AME,3/13/2023
S QN,Shaw Queen,3,,UNITED STATES OF AME,3/13/2023
S PL,Shaw Philadelphia,3,,UNITED STATES OF AME,3/13/2023
S DW,Shaw Designweave,3,,UNITED STATES OF AME,3/13/2023
S PC,Shaw Patcraft,3,,UNITED STATES OF AME,3/13/2023
S CT,Shaw Contract,3,,UNITED STATES OF AME,3/13/2023
ATLS,Atlas,3,,UNITED STATES OF AME,3/13/2023
BART,Barrett,3,,UNITED STATES OF AME,3/13/2023
BEAL,Beaulieu,3,,UNITED STATES OF AME,3/13/2023
BENT,Bentley,3,,UNITED STATES OF AME,3/13/2023
BLOM,Bloomsburg,3,,UNITED STATES OF AME,3/13/2023
BR,Blue Ridge,3,,UNITED STATES OF AME,3/13/2023
BURT,Burtco,3,,UNITED STATES OF AME,3/13/2023
CNTN,Constantine,3,,UNITED STATES OF AME,3/13/2023
DURK,Durkan,3,,UNITED STATES OF AME,3/13/2023
ETC,ETC,3,,UNITED STATES OF AME,3/13/2023
GLSN,Gulistan,3,,UNITED STATES OF AME,3/13/2023
INTF,Interface,3,,UNITED STATES OF AME,3/13/2023
J&J,J&J,3,,UNITED STATES OF AME,3/13/2023
LXMK,Lexmark,3,,UNITED STATES OF AME,3/13/2023
MANN,Mannington,3,,UNITED STATES OF AME,3/13/2023
MSLD,Masland,3,,UNITED STATES OF AME,3/13/2023
MLKN,Milliken,3,,UNITED STATES OF AME,3/13/2023
MHWK,Mohawk,3,,UNITED STATES OF AME,3/13/2023
MNTR,Monterrey,3,,UNITED STATES OF AME,3/13/2023
NW,Northwest,3,,UNITED STATES OF AME,3/13/2023
PACF,Pacific Crest,3,,UNITED STATES OF AME,3/13/2023
PRNC,Prince Street,3,,UNITED STATES OF AME,3/13/2023
RICH,Richmond,3,,UNITED STATES OF AME,3/13/2023
USA,US Axminster,3,,UNITED STATES OF AME,3/13/2023
OTHR,Other,3,,UNITED STATES OF AME,3/13/2023
ARM,Armstrong,3,,UNITED STATES OF AME,3/13/2023
TRKT,Tarkett,3,,UNITED STATES OF AME,3/13/2023
CGLM,Congoleum,3,,UNITED STATES OF AME,3/13/2023
AZRK,Azrock,3,,UNITED STATES OF AME,3/13/2023
AMTC,Amtico,3,,UNITED STATES OF AME,3/13/2023
KENT,Kentile,3,,UNITED STATES OF AME,3/13/2023
JHNS,Johnsonite,3,,UNITED STATES OF AME,3/13/2023
ROP,Roppe,3,,UNITED STATES OF AME,3/13/2023
BURK,Burke,3,,UNITED STATES OF AME,3/13/2023
WFT,W.F. Taylor,3,,UNITED STATES OF AME,3/13/2023
HNRY,Henry,3,,UNITED STATES OF AME,3/13/2023
MAPI,Mapei,3,,UNITED STATES OF AME,3/13/2023
CHPC,Chapco,3,,UNITED STATES OF AME,3/13/2023
AAT,AAT,3,,UNITED STATES OF AME,3/13/2023
PRCH,Parachem,3,,UNITED STATES OF AME,3/13/2023
ROBT,Roberts,3,,UNITED STATES OF AME,3/13/2023
BRUC,Bruce,3,,UNITED STATES OF AME,3/13/2023
HART,Hartco,3,,UNITED STATES OF AME,3/13/2023
DLW,DLW/Armstrong,3,,UNITED STATES OF AME,3/13/2023
FORB,Forbo,3,,UNITED STATES OF AME,3/13/2023
BLRD,Bellbridge,3,,UNITED STATES OF AME,3/13/2023
BRTN,Brinton's,3,,UNITED STATES OF AME,3/13/2023
CMLT,Camelot,3,,UNITED STATES OF AME,3/13/2023
CRML,Carpeton Mills,3,,UNITED STATES OF AME,3/13/2023
COD,Carpets of Dalton,3,,UNITED STATES OF AME,3/13/2023
CONL,Concepts International,3,,UNITED STATES OF AME,3/13/2023
COUR,Couristan,3,,UNITED STATES OF AME,3/13/2023
CSTW,Customweave,3,,UNITED STATES OF AME,3/13/2023
DM,Design Materials,3,,UNITED STATES OF AME,3/13/2023
ELCP,Eligere Carpets,3,,UNITED STATES OF AME,3/13/2023
FBRC,Fabrica International,3,,UNITED STATES OF AME,3/13/2023
HELS,Helios,3,,UNITED STATES OF AME,3/13/2023
IMAG,Image,3,,UNITED STATES OF AME,3/13/2023
INTX,Intertex,3,,UNITED STATES OF AME,3/13/2023
LANG,Langhorn,3,,UNITED STATES OF AME,3/13/2023
LXGT,Lexington,3,,UNITED STATES OF AME,3/13/2023
MERD,Merida Meridian,3,,UNITED STATES OF AME,3/13/2023
PRST,Prestige Mills,3,,UNITED STATES OF AME,3/13/2023
RSGA,Resource Georgia,3,,UNITED STATES OF AME,3/13/2023
RYDT,Royal Dutch,3,,UNITED STATES OF AME,3/13/2023
STNT,Stanton Carpet Co,3,,UNITED STATES OF AME,3/13/2023
AVLN,Avalon Group,3,,UNITED STATES OF AME,3/13/2023
UNQC,Unique Carpets,3,,UNITED STATES OF AME,3/13/2023
LDP,Louis de Poortere,3,,UNITED STATES OF AME,3/13/2023
WCTF,Weave-Tuft,3,,UNITED STATES OF AME,3/13/2023
ACRF,"Aacer Flooring, LLC",3,,UNITED STATES OF AME,3/13/2023
CTMR,Counter Measures,3,,UNITED STATES OF AME,3/13/2023
PTT,Polcon Tile & Terrazzo,3,,UNITED STATES OF AME,3/13/2023
IFFR,Interfaceflor,3,,UNITED STATES OF AME,3/13/2023
POCT,Porcelanite Ceramic Tile,3,,UNITED STATES OF AME,3/13/2023
COTM,Consolidated Textile Mfg,3,,UNITED STATES OF AME,3/13/2023
ETNS,Emser Tile & Natural Stone,3,,UNITED STATES OF AME,3/13/2023
WTCR,Westminster Ceramics,3,,UNITED STATES OF AME,3/13/2023
PMGR,Piemmegres,3,,UNITED STATES OF AME,3/13/2023
BLNK,Blanke,3,,UNITED STATES OF AME,3/13/2023
TRKZ,Turkiz USA,3,,UNITED STATES OF AME,3/13/2023
TSM,Thorntree Slate & Marble,3,,UNITED STATES OF AME,3/13/2023
ASC,Architectural Stone Corp,3,,UNITED STATES OF AME,3/13/2023
ANTL,Anatolia,3,,UNITED STATES OF AME,3/13/2023
SHRL,Shoreline,3,,UNITED STATES OF AME,3/13/2023
SRPD,Source Products,3,,UNITED STATES OF AME,3/13/2023
JEST,Jerusalem Stone,3,,UNITED STATES OF AME,3/13/2023
MOCE,Monocibec Ceramic,3,,UNITED STATES OF AME,3/13/2023
AZCE,Azteca Ceramica,3,,UNITED STATES OF AME,3/13/2023
ELDO,El Dorado Stone,3,,UNITED STATES OF AME,3/13/2023
VMCO,Verona Marble Company,3,,UNITED STATES OF AME,3/13/2023
TEMA,Terrazzo & Marble,3,,UNITED STATES OF AME,3/13/2023
MCTI,McIntyre Tile,3,,UNITED STATES OF AME,3/13/2023
UNST,Unique Stone,3,,UNITED STATES OF AME,3/13/2023
STMK,Stone Marketing,3,,UNITED STATES OF AME,3/13/2023
WATI,Wausau Tile,3,,UNITED STATES OF AME,3/13/2023
BEDR,Bedrosians,3,,UNITED STATES OF AME,3/13/2023
VLPN,ValPanaro Ceramic,3,,UNITED STATES OF AME,3/13/2023
CAPA,Casalgrande Padana,3,,UNITED STATES OF AME,3/13/2023
THMA,Thassos Marble,3,,UNITED STATES OF AME,3/13/2023
IMC,IMC Natural Stone,3,,UNITED STATES OF AME,3/13/2023
PAVI,Pavimenti,3,,UNITED STATES OF AME,3/13/2023
HECE,Heath Ceramics,3,,UNITED STATES OF AME,3/13/2023
INCE,Innovative Ceramics,3,,UNITED STATES OF AME,3/13/2023
VICE,Vitra Ceramics,3,,UNITED STATES OF AME,3/13/2023
MARM,Marmitaliani,3,,UNITED STATES OF AME,3/13/2023
ATUR,A-Turf,3,,UNITED STATES OF AME,3/13/2023
ENPL,Engineered Plastics,3,,UNITED STATES OF AME,3/13/2023
DECO,Decoria,3,,UNITED STATES OF AME,3/13/2023
MIGR,Minerva Granite,3,,UNITED STATES OF AME,3/13/2023
CHIL,Chilewich,3,,UNITED STATES OF AME,3/13/2023
TCHT,Touchstone Tile,3,,UNITED STATES OF AME,3/13/2023
CAES,CaesarStone Quartz,3,,UNITED STATES OF AME,3/13/2023
SETT,Settecento Ceramic,3,,UNITED STATES OF AME,3/13/2023
DAMA,Damar Natural Stone,3,,UNITED STATES OF AME,3/13/2023
CACI,Casa Cielo,3,,UNITED STATES OF AME,3/13/2023
TALM,Talmac,3,,UNITED STATES OF AME,3/13/2023
PANT,Pantheon,3,,UNITED STATES OF AME,3/13/2023
TESO,Tesoro,3,,UNITED STATES OF AME,3/13/2023
MJMB,Majestic Marble,3,,UNITED STATES OF AME,3/13/2023
TRAN,Transceramica,3,,UNITED STATES OF AME,3/13/2023
VINO,Vita Nova,3,,UNITED STATES OF AME,3/13/2023
MITI,Midwest Tile,3,,UNITED STATES OF AME,3/13/2023
SACA,Savoia Canada,3,,UNITED STATES OF AME,3/13/2023
INGL,Innovative Glass,3,,UNITED STATES OF AME,3/13/2023
DON,Don,3,,UNITED STATES OF AME,3/13/2023
INSD,International Stone Design,3,,UNITED STATES OF AME,3/13/2023
MECE,Meridiana Ceramiche,3,,UNITED STATES OF AME,3/13/2023
ISTI,Isla Tiles,3,,UNITED STATES OF AME,3/13/2023
HCMU,H.C. Muddox,3,,UNITED STATES OF AME,3/13/2023
MAST,Masterker,3,,UNITED STATES OF AME,3/13/2023
VACM,Variations Carpet Mills,3,,UNITED STATES OF AME,3/13/2023
PVST,PaveStone,3,,UNITED STATES OF AME,3/13/2023
WTWK,Waterworks,3,,UNITED STATES OF AME,3/13/2023
PLYB,Plyboo,3,,UNITED STATES OF AME,3/13/2023
PTST,PortStone Paver Systems,3,,UNITED STATES OF AME,3/13/2023
STPW,Stone & Pewter Accents,3,,UNITED STATES OF AME,3/13/2023
NTSL,Natural Selections,3,,UNITED STATES OF AME,3/13/2023
MIPO,Mipolan,3,,UNITED STATES OF AME,3/13/2023
GLST,Global Stone,3,,UNITED STATES OF AME,3/13/2023
CKCN,Cork Concepts,3,,UNITED STATES OF AME,3/13/2023
CHCE,Chiarelli Ceramic,3,,UNITED STATES OF AME,3/13/2023
ARCE,Ariana Ceramic,3,,UNITED STATES OF AME,3/13/2023
BLST,Bellstone Stone and Slate,3,,UNITED STATES OF AME,3/13/2023
SIKA,Sika,3,,UNITED STATES OF AME,3/13/2023
FLDC,Floor & Decor,3,,UNITED STATES OF AME,3/13/2023
IGM,International Granite & Marble,3,,UNITED STATES OF AME,3/13/2023
HLMK,Hallmark Commercial Carpet,3,,UNITED STATES OF AME,3/13/2023
ACTV,Activa Rubber,3,,UNITED STATES OF AME,3/13/2023
WOPR,"Wooster Products, Inc.",3,,UNITED STATES OF AME,3/13/2023
EMHD,Emmerson Hardwood,3,,UNITED STATES OF AME,3/13/2023
QYSC,Quarry SC,3,,UNITED STATES OF AME,3/13/2023
DXHM,Dixie Home,3,,UNITED STATES OF AME,3/13/2023
OINT,Ollin International Inc,3,,UNITED STATES OF AME,3/13/2023
GRTF,Grass Turf Mills,3,,UNITED STATES OF AME,3/13/2023
BDRK,Bedrock Industries,3,,UNITED STATES OF AME,3/13/2023
STUR,Stockmeier Urethanes,3,,UNITED STATES OF AME,3/13/2023
CNSP,"Construction Specialties, Inc.",3,,UNITED STATES OF AME,3/13/2023
MOTL,Motawi Tileworks,3,,UNITED STATES OF AME,3/13/2023
NATL,Native Tile,3,,UNITED STATES OF AME,3/13/2023
QUAR,Quarella,3,,UNITED STATES OF AME,3/13/2023
PRTL,Protile Ceramic Tile,3,,UNITED STATES OF AME,3/13/2023
MTGR,Mont Granite,3,,UNITED STATES OF AME,3/13/2023
LAUF,Laufen,3,,UNITED STATES OF AME,3/13/2023
PRGR,"ProGreen International, Inc.",3,,UNITED STATES OF AME,3/13/2023
ALLI,Alliance,3,,UNITED STATES OF AME,3/13/2023
DUCO,Durable Corporation,3,,UNITED STATES OF AME,3/13/2023
INTS,International Tile & Stone,3,,UNITED STATES OF AME,3/13/2023
VIGL,Villa Glas,3,,UNITED STATES OF AME,3/13/2023
SAST,Sassuolo Stone,3,,UNITED STATES OF AME,3/13/2023
STFB,Studio Fabbrica,3,,UNITED STATES OF AME,3/13/2023
ICG,Interstyle Ceramic & Glass,3,,UNITED STATES OF AME,3/13/2023
TXST,TexaStone Quarries,3,,UNITED STATES OF AME,3/13/2023
INPF,Infinity Performance,3,,UNITED STATES OF AME,3/13/2023
MUMA,Mutual Materials,3,,UNITED STATES OF AME,3/13/2023
OGST,Original Style,3,,UNITED STATES OF AME,3/13/2023
DSUS,"Desso Carpet USA, Inc.",3,,UNITED STATES OF AME,3/13/2023
CRIT,Caribe International,3,,UNITED STATES OF AME,3/13/2023
SIER,Sierra Carpet,3,,UNITED STATES OF AME,3/13/2023
SCTM,Suncoast Tile & Marble,3,,UNITED STATES OF AME,3/13/2023
ELCE,Elios Ceramica,3,,UNITED STATES OF AME,3/13/2023
SPGR,Super Gres,3,,UNITED STATES OF AME,3/13/2023
CRVG,Ceramica Vogue,3,,UNITED STATES OF AME,3/13/2023
ECTI,East Coast Tile,3,,UNITED STATES OF AME,3/13/2023
MTCR,Metropol Ceramica,3,,UNITED STATES OF AME,3/13/2023
CESA,Cerimica Sant'agostino,3,,UNITED STATES OF AME,3/13/2023
SLBT,Solarbrite,3,,UNITED STATES OF AME,3/13/2023
KARA,Karaben,3,,UNITED STATES OF AME,3/13/2023
TRPL,Turtle Plastics,3,,UNITED STATES OF AME,3/13/2023
FTIN,Futura Industries,3,,UNITED STATES OF AME,3/13/2023
MURV,Murvi Ceramic,3,,UNITED STATES OF AME,3/13/2023
INMG,Intrepid Marble & Granite,3,,UNITED STATES OF AME,3/13/2023
TRTI,Trinity Tile,3,,UNITED STATES OF AME,3/13/2023
ARCR,Arcadia Ceramics,3,,UNITED STATES OF AME,3/13/2023
MRMB,Mr. Marble,3,,UNITED STATES OF AME,3/13/2023
SHSL,Sheldon Slate Products,3,,UNITED STATES OF AME,3/13/2023
PFFG,"Professional Floor Group, LLC.",3,,UNITED STATES OF AME,3/13/2023
ARMX,A&R Mexican Clay Products,3,,UNITED STATES OF AME,3/13/2023
CECO,Ceramiche Cotto Emiliano,3,,UNITED STATES OF AME,3/13/2023
CERE,Cerrisa Revestimentos,3,,UNITED STATES OF AME,3/13/2023
EGES,Ege Seramik America,3,,UNITED STATES OF AME,3/13/2023
GREN,Grand Entrance,3,,UNITED STATES OF AME,3/13/2023
FLCP,Flagship Carpets,3,,UNITED STATES OF AME,3/13/2023
LEGC,Legacy,3,,UNITED STATES OF AME,3/13/2023
NOBE,Nova Bell,3,,UNITED STATES OF AME,3/13/2023
EPST,EpStone,3,,UNITED STATES OF AME,3/13/2023
ANST,Antique Stones,3,,UNITED STATES OF AME,3/13/2023
ARTIL,Artistic Tile,3,,UNITED STATES OF AME,3/13/2023
PROV,Provenza,3,,UNITED STATES OF AME,3/13/2023
PRLA,Pratt & Larson,3,,UNITED STATES OF AME,3/13/2023
MCMC,McMaster-Carr,3,,UNITED STATES OF AME,3/13/2023
CEGU,Ceramiche Guocera,3,,UNITED STATES OF AME,3/13/2023
WICO,Wicanders Cork Flooring,3,,UNITED STATES OF AME,3/13/2023
SPAR,Sparton Enterprises,3,,UNITED STATES OF AME,3/13/2023
MCP,MCP Urethanes,3,,UNITED STATES OF AME,3/13/2023
PMKO,Pemko,3,,UNITED STATES OF AME,3/13/2023
STWD,Stoneworld,3,,UNITED STATES OF AME,3/13/2023
DECPT,Decorative Carpet,3,,UNITED STATES OF AME,3/13/2023
AMUN,American Universal Corp,3,,UNITED STATES OF AME,3/13/2023
LGHSY,LG Hausys,3,,UNITED STATES OF AME,3/13/2023
INTM,International Mulch,3,,UNITED STATES OF AME,3/13/2023
HLCR,Halcon Ceramicas,3,,UNITED STATES OF AME,3/13/2023
CDCO,Ceramica Del Conca,3,,UNITED STATES OF AME,3/13/2023
HAEN,Hakatai Enterprises,3,,UNITED STATES OF AME,3/13/2023
INMT,Innovative Marble and Tile,3,,UNITED STATES OF AME,3/13/2023
TLFL,Tile For Less,3,,UNITED STATES OF AME,3/13/2023
YTBY,YurtBay Ceramic,3,,UNITED STATES OF AME,3/13/2023
AMSF,American Safety Tread Co.,3,,UNITED STATES OF AME,3/13/2023
GRNT,Granitstone,3,,UNITED STATES OF AME,3/13/2023
GAYA,Gaya,3,,UNITED STATES OF AME,3/13/2023
ALPC,"Alpha Concrete Products, Inc.",3,,UNITED STATES OF AME,3/13/2023
STDI,Stone Design of India,3,,UNITED STATES OF AME,3/13/2023
OCTV,Octavia,3,,UNITED STATES OF AME,3/13/2023
LECR,Leonardo Ceramica,3,,UNITED STATES OF AME,3/13/2023
TMHL,Tom Holloway & Assoc,3,,UNITED STATES OF AME,3/13/2023
GRMJ,Gruppo Majorca,3,,UNITED STATES OF AME,3/13/2023
TIGL,Tile Gallery,3,,UNITED STATES OF AME,3/13/2023
LDTI,Lauderdale Tile,3,,UNITED STATES OF AME,3/13/2023
FLVI,Flaviker,3,,UNITED STATES OF AME,3/13/2023
WECO,WE Cork,3,,UNITED STATES OF AME,3/13/2023
DAEJ,Daejin,3,,UNITED STATES OF AME,3/13/2023
HAFL,Halo Floors,3,,UNITED STATES OF AME,3/13/2023
MMGC,Milwaukee Marble & Grantie Co.,3,,UNITED STATES OF AME,3/13/2023
COTS,Cortopassi Tile & Stone,3,,UNITED STATES OF AME,3/13/2023
KMPR,Kemper,3,,UNITED STATES OF AME,3/13/2023
MAGC,Magica,3,,UNITED STATES OF AME,3/13/2023
MSTL,MasterTile,3,,UNITED STATES OF AME,3/13/2023
DLRI,Del Rio Stone,3,,UNITED STATES OF AME,3/13/2023
OPUS,Opus,3,,UNITED STATES OF AME,3/13/2023
RBBK,Robinson Brick Company,3,,UNITED STATES OF AME,3/13/2023
PLCR,Plaza Ceramicas,3,,UNITED STATES OF AME,3/13/2023
GILF,Gilford,3,,UNITED STATES OF AME,3/13/2023
TLTX,Tiles & Textiles,3,,UNITED STATES OF AME,3/13/2023
MEDIM,Medimer,3,,UNITED STATES OF AME,3/13/2023
ARTIK,Artistek,3,,UNITED STATES OF AME,3/13/2023
GLGM,Global Granite & Marble,3,,UNITED STATES OF AME,3/13/2023
ERTL,Euro-Tile,3,,UNITED STATES OF AME,3/13/2023
ATGR,Atili Graniti,3,,UNITED STATES OF AME,3/13/2023
PRSR,Pro Source Wholesale Flooring,3,,UNITED STATES OF AME,3/13/2023
AMBC,Atlanta Marble Company,3,,UNITED STATES OF AME,3/13/2023
STKC,Stark Ceramics,3,,UNITED STATES OF AME,3/13/2023
MDCW,MDC Wallcoverings,3,,UNITED STATES OF AME,3/13/2023
IMST,Import Stone,3,,UNITED STATES OF AME,3/13/2023
THGM,Touchstone Granite & Marble,3,,UNITED STATES OF AME,3/13/2023
SIGC,Sichenia Gruppo Ceramiche,3,,UNITED STATES OF AME,3/13/2023
SAAG,Sant'Agostino Ceramic,3,,UNITED STATES OF AME,3/13/2023
WESCT,Westcoat Specialty Coating Systems,3,,UNITED STATES OF AME,3/13/2023
ITNS,International Natural Stone,3,,UNITED STATES OF AME,3/13/2023
CACR,Carabobo Ceramica,3,,UNITED STATES OF AME,3/13/2023
MGTD,MegaTrade Corp.,3,,UNITED STATES OF AME,3/13/2023
KKNS,Kirk Natural Stone,3,,UNITED STATES OF AME,3/13/2023
FUCC,Fusion Commercial Carpet,3,,UNITED STATES OF AME,3/13/2023
MARMO,Marmonil,3,,UNITED STATES OF AME,3/13/2023
CRCO,Ceramiche Coem,3,,UNITED STATES OF AME,3/13/2023
RETL,Regina Tile,3,,UNITED STATES OF AME,3/13/2023
TXRT,Tex Rite,3,,UNITED STATES OF AME,3/13/2023
AKDO,Akdo,3,,UNITED STATES OF AME,3/13/2023
BETI,Bettini,3,,UNITED STATES OF AME,3/13/2023
RHS,RHS Ceramic,3,,UNITED STATES OF AME,3/13/2023
CRFB,Ceramiche Fontana Bismantova,3,,UNITED STATES OF AME,3/13/2023
KNDL,Kendall Products,3,,UNITED STATES OF AME,3/13/2023
FLZO,Floorazzo Tile,3,,UNITED STATES OF AME,3/13/2023
CRYS,Crystalok,3,,UNITED STATES OF AME,3/13/2023
NT&S,Nile Tile & Stone,3,,UNITED STATES OF AME,3/13/2023
WICM,Wimbledon Carpet Mills,3,,UNITED STATES OF AME,3/13/2023
RCP,RCP Block & Brick,3,,UNITED STATES OF AME,3/13/2023
INSF,Innovative Surfaces,3,,UNITED STATES OF AME,3/13/2023
LXTS,Lexco Tile & Stone,3,,UNITED STATES OF AME,3/13/2023
SHST,Solnhofen Stone,3,,UNITED STATES OF AME,3/13/2023
VRTI,Virginia Tile,3,,UNITED STATES OF AME,3/13/2023
BYBN,Boyce & Bean,3,,UNITED STATES OF AME,3/13/2023
AREM,Arem,3,,UNITED STATES OF AME,3/13/2023
CPMQ,Compac Marmol & Quartz,3,,UNITED STATES OF AME,3/13/2023
LWMI,"Louis W. Mian, Inc.",3,,UNITED STATES OF AME,3/13/2023
DKGR,Dakota Granite,3,,UNITED STATES OF AME,3/13/2023
TRGS,Trend Grupo SPA,3,,UNITED STATES OF AME,3/13/2023
FORT,Forte,3,,UNITED STATES OF AME,3/13/2023
INLY,Inlay's Inc.,3,,UNITED STATES OF AME,3/13/2023
SDGS,EdilGres Sirio,3,,UNITED STATES OF AME,3/13/2023
APCR,Apple Creek,3,,UNITED STATES OF AME,3/13/2023
JOTI,Jolanta Tile,3,,UNITED STATES OF AME,3/13/2023
SPCR,SpecCeramics,3,,UNITED STATES OF AME,3/13/2023
RELTI,Reillo Tile Company,3,,UNITED STATES OF AME,3/13/2023
SDFD,Soundfold,3,,UNITED STATES OF AME,3/13/2023
MWFL,Mirage Wood Flooring,3,,UNITED STATES OF AME,3/13/2023
ALAB,Alabastro,3,,UNITED STATES OF AME,3/13/2023
CRMW,Ceramiche My Way,3,,UNITED STATES OF AME,3/13/2023
LDPC,Land Porcelanico,3,,UNITED STATES OF AME,3/13/2023
INST,Innovative Stone,3,,UNITED STATES OF AME,3/13/2023
SUMI,Sumi-e,3,,UNITED STATES OF AME,3/13/2023
AXCP,Axminster Carpets,3,,UNITED STATES OF AME,3/13/2023
CTFL,Centaur Floors,3,,UNITED STATES OF AME,3/13/2023
CGPL,Cercom Gres Porcellanato,3,,UNITED STATES OF AME,3/13/2023
ASI,Architectural Systems Inc.,3,,UNITED STATES OF AME,3/13/2023
STLI,Straight Line Imports,3,,UNITED STATES OF AME,3/13/2023
ROST,"Romala Stone, Inc.",3,,UNITED STATES OF AME,3/13/2023
GFTL,Gulf Tile,3,,UNITED STATES OF AME,3/13/2023
CSMB,Castelli Marble,3,,UNITED STATES OF AME,3/13/2023
MLTL,Mulia Tile,3,,UNITED STATES OF AME,3/13/2023
STPK,StonePeak Ceramics,3,,UNITED STATES OF AME,3/13/2023
FBST,Fiber Stock,3,,UNITED STATES OF AME,3/13/2023
PRSP,Premier Specialty Flooring,3,,UNITED STATES OF AME,3/13/2023
STRS,The Stone Resource,3,,UNITED STATES OF AME,3/13/2023
CRMT,Creative Materials Corporation,3,,UNITED STATES OF AME,3/13/2023
BLAK,Blakleys,3,,UNITED STATES OF AME,3/13/2023
ARFS,"Architectural Floor Systems, Inc.",3,,UNITED STATES OF AME,3/13/2023
LZCE,Lanzi Ceramica,3,,UNITED STATES OF AME,3/13/2023
TGRN,Teragren,3,,UNITED STATES OF AME,3/13/2023
ALFA,Alfagres,3,,UNITED STATES OF AME,3/13/2023
UNCL,UniClic,3,,UNITED STATES OF AME,3/13/2023
STIT,Studio Italia,3,,UNITED STATES OF AME,3/13/2023
ROVR,Rosso Verona,3,,UNITED STATES OF AME,3/13/2023
ISTC,IsolTech,3,,UNITED STATES OF AME,3/13/2023
FPCR,Fap Ceramiche,3,,UNITED STATES OF AME,3/13/2023
CLRC,"Coloroc Materials, Inc.",3,,UNITED STATES OF AME,3/13/2023
ELIA,Eliane,3,,UNITED STATES OF AME,3/13/2023
DECR,Decora,3,,UNITED STATES OF AME,3/13/2023
ZAXN,Zaxxon,3,,UNITED STATES OF AME,3/13/2023
DTCP,DuraTile Corp.,3,,UNITED STATES OF AME,3/13/2023
MXHT,Mexican Handcrafted Tiles,3,,UNITED STATES OF AME,3/13/2023
PRTC,Portico,3,,UNITED STATES OF AME,3/13/2023
SPTX,Sportexe,3,,UNITED STATES OF AME,3/13/2023
ADPT,Advanced Polymer Tech,3,,UNITED STATES OF AME,3/13/2023
INNS,Intertile Natural Stone,3,,UNITED STATES OF AME,3/13/2023
STFLI,"Southland Floors, Inc.",3,,UNITED STATES OF AME,3/13/2023
CLCO,Colorco Ltd.,3,,UNITED STATES OF AME,3/13/2023
BRGL,"Berman Glass Editions, Inc.",3,,UNITED STATES OF AME,3/13/2023
VGTS,Villagio Tile & Stone,3,,UNITED STATES OF AME,3/13/2023
GQTZ,GeoQuartz,3,,UNITED STATES OF AME,3/13/2023
PRWR,Protecto Wrap Company,3,,UNITED STATES OF AME,3/13/2023
FRBR,French - Brown Floors,3,,UNITED STATES OF AME,3/13/2023
WWST,Worldwide Natural Stone,3,,UNITED STATES OF AME,3/13/2023
CRCM,Cerim Ceramiche,3,,UNITED STATES OF AME,3/13/2023
ASN,"ASN Natural Stone, Inc.",3,,UNITED STATES OF AME,3/13/2023
INTA,Intagras Ceramic,3,,UNITED STATES OF AME,3/13/2023
MTRB,"Mitchell Rubber Products, Inc",3,,UNITED STATES OF AME,3/13/2023
SOLS,Solistone,3,,UNITED STATES OF AME,3/13/2023
PRTLD,Pro Tile Distributors,3,,UNITED STATES OF AME,3/13/2023
ACC,"Associated/ACC International, Ltd.",3,,UNITED STATES OF AME,3/13/2023
DUPT,DuPont,3,,UNITED STATES OF AME,3/13/2023
RONA,Rover North America,3,,UNITED STATES OF AME,3/13/2023
STEX,Stone Express,3,,UNITED STATES OF AME,3/13/2023
OWCN,Owens Corning Cultured Stone,3,,UNITED STATES OF AME,3/13/2023
NOFS,Nood Fashion,3,,UNITED STATES OF AME,3/13/2023
STVL,Stoneville,3,,UNITED STATES OF AME,3/13/2023
DMDO,D'Mundo Tile Of The World,3,,UNITED STATES OF AME,3/13/2023
FLEXI,Flexitec,3,,UNITED STATES OF AME,3/13/2023
APEX,Apex Glass Tile,3,,UNITED STATES OF AME,3/13/2023
TORK,Toemi Rock,3,,UNITED STATES OF AME,3/13/2023
CRVC,Ceramica Vaccari,3,,UNITED STATES OF AME,3/13/2023
GSMB,G&S Marble,3,,UNITED STATES OF AME,3/13/2023
LKST,Lakeview Stone,3,,UNITED STATES OF AME,3/13/2023
COES,Cotto D'Este,3,,UNITED STATES OF AME,3/13/2023
RBCL,Rubber-Cal,3,,UNITED STATES OF AME,3/13/2023
NBAT,Norbert's Athletic,3,,UNITED STATES OF AME,3/13/2023
CSFD,Crossfield Supplies,3,,UNITED STATES OF AME,3/13/2023
CHVG,Charles Van Gelder,3,,UNITED STATES OF AME,3/13/2023
RALL,Rally,3,,UNITED STATES OF AME,3/13/2023
TTST,Trawick Tile & Stone,3,,UNITED STATES OF AME,3/13/2023
CNLS,CNL Stone,3,,UNITED STATES OF AME,3/13/2023
HMFG,Humane Manufacturing LLC,3,,UNITED STATES OF AME,3/13/2023
AUCM,Aurelia Ceramiche,3,,UNITED STATES OF AME,3/13/2023
PISA,PI.SA Ceramica,3,,UNITED STATES OF AME,3/13/2023
FMEG,Fabrica Marmi E Graniti,3,,UNITED STATES OF AME,3/13/2023
MTMK,Materials Marketing,3,,UNITED STATES OF AME,3/13/2023
GBLD,Gerbert Limited,3,,UNITED STATES OF AME,3/13/2023
VILLI,Villi Glass,3,,UNITED STATES OF AME,3/13/2023
DRCM,Darsena Ceramic Tile,3,,UNITED STATES OF AME,3/13/2023
ASVY,Asia Victory,3,,UNITED STATES OF AME,3/13/2023
GRZE,Ground Zero,3,,UNITED STATES OF AME,3/13/2023
MEGA,Megacera,3,,UNITED STATES OF AME,3/13/2023
SODC,Southern Decor,3,,UNITED STATES OF AME,3/13/2023
ALBR,Alberdi,3,,UNITED STATES OF AME,3/13/2023
FONT,Fontana,3,,UNITED STATES OF AME,3/13/2023
CSDS,Casale Design Source,3,,UNITED STATES OF AME,3/13/2023
PGM,Pental Granite & Marble,3,,UNITED STATES OF AME,3/13/2023
JOCK,Jockimo,3,,UNITED STATES OF AME,3/13/2023
DSTR,Designers Stone Resource,3,,UNITED STATES OF AME,3/13/2023
STLC,Stone Locator,3,,UNITED STATES OF AME,3/13/2023
PCMC,Pacific Mat Company,3,,UNITED STATES OF AME,3/13/2023
CACRK,Capri Cork,3,,UNITED STATES OF AME,3/13/2023
LAFB,La Fabbrica Ceramic,3,,UNITED STATES OF AME,3/13/2023
CENF,Ceres Natural Flooring,3,,UNITED STATES OF AME,3/13/2023
STGE,Stagestep,3,,UNITED STATES OF AME,3/13/2023
REP,Rephouse Rubber Flooring,3,,UNITED STATES OF AME,3/13/2023
REGI,Regio,3,,UNITED STATES OF AME,3/13/2023
STQU,Stone Quarry,3,,UNITED STATES OF AME,3/13/2023
ESNZ,Essenza,3,,UNITED STATES OF AME,3/13/2023
STGD,Statguard Flooring,3,,UNITED STATES OF AME,3/13/2023
CNCM,Colin Campbell,3,,UNITED STATES OF AME,3/13/2023
GMTM,Game Time,3,,UNITED STATES OF AME,3/13/2023
EVST,EverStone,3,,UNITED STATES OF AME,3/13/2023
HRAV,Horus Art Vitrum,3,,UNITED STATES OF AME,3/13/2023
KLRN,Kolorines,3,,UNITED STATES OF AME,3/13/2023
CSCT,C & S Ceramic Tile Dist,3,,UNITED STATES OF AME,3/13/2023
ENGL,EnviroGlas,3,,UNITED STATES OF AME,3/13/2023
TSEX,Tile And Stone Express,3,,UNITED STATES OF AME,3/13/2023
BOLE,Bolero,3,,UNITED STATES OF AME,3/13/2023
FLTC,Floor Tech Industries,3,,UNITED STATES OF AME,3/13/2023
MRGT,Mirage Glass Tiles,3,,UNITED STATES OF AME,3/13/2023
PBJT,"Pebble Junction, Inc.",3,,UNITED STATES OF AME,3/13/2023
TKFL,Teknoflor,3,,UNITED STATES OF AME,3/13/2023
KNCO,Konecto,3,,UNITED STATES OF AME,3/13/2023
RBRB,RB Rubber,3,,UNITED STATES OF AME,3/13/2023
BKST,Blackstone Carpets & Rugs,3,,UNITED STATES OF AME,3/13/2023
WWSF,Worldwide Surfacing LLC,3,,UNITED STATES OF AME,3/13/2023
ITZT,Italian Terrazzo & Tile Co,3,,UNITED STATES OF AME,3/13/2023
XLBD,"XL Brands, LLC",3,,UNITED STATES OF AME,3/13/2023
STFL,Storefloors,3,,UNITED STATES OF AME,3/13/2023
PVSR,Paver Source,3,,UNITED STATES OF AME,3/13/2023
JOYC,Joy Carpets,3,,UNITED STATES OF AME,3/13/2023
INFL,Innovative Flooring,3,,UNITED STATES OF AME,3/13/2023
DRWV,Duraweave,3,,UNITED STATES OF AME,3/13/2023
CRDS,Cerdisa,3,,UNITED STATES OF AME,3/13/2023
ASTR,Astroturf Specialty Products,3,,UNITED STATES OF AME,3/13/2023
WCI,Wexford Carpet Industries,3,,UNITED STATES OF AME,3/13/2023
CSRT,Consort/Aqua,3,,UNITED STATES OF AME,3/13/2023
HLTX,Holleytex,3,,UNITED STATES OF AME,3/13/2023
TTUF,Totaltuft,3,,UNITED STATES OF AME,3/13/2023
SCOT,Scott Group,3,,UNITED STATES OF AME,3/13/2023
CCM,Creative Carpet Mills,3,,UNITED STATES OF AME,3/13/2023
S MS,Shaw Martha Stewart,3,,UNITED STATES OF AME,3/13/2023
PLFD,Playfield LLC,3,,UNITED STATES OF AME,3/13/2023
VNLS,Vinylasa,3,,UNITED STATES OF AME,3/13/2023
METR,Metroflor,3,,UNITED STATES OF AME,3/13/2023
LUXC,Luxica,3,,UNITED STATES OF AME,3/13/2023
MTFX,Mateflex,3,,UNITED STATES OF AME,3/13/2023
ELSR,Elsro Inc.,3,,UNITED STATES OF AME,3/13/2023
FLWK,Flooring Works,3,,UNITED STATES OF AME,3/13/2023
KRDN,Karndean,3,,UNITED STATES OF AME,3/13/2023
CMM,Cactus Mat Mfg. Co.,3,,UNITED STATES OF AME,3/13/2023
SOA,Sincol of America,3,,UNITED STATES OF AME,3/13/2023
RIKT,Rikett/Knight,3,,UNITED STATES OF AME,3/13/2023
KARR,Karastan Rugs,3,,UNITED STATES OF AME,3/13/2023
HRZN,Horizon Carpets,3,,UNITED STATES OF AME,3/13/2023
KING,Kingsman Manufacturing,3,,UNITED STATES OF AME,3/13/2023
S CR,Shaw Ceramics,3,,UNITED STATES OF AME,3/13/2023
SAFV,Safavieh,3,,UNITED STATES OF AME,3/13/2023
WINT,Winton Tile,3,,UNITED STATES OF AME,3/13/2023
TJMA,Tajima,3,,UNITED STATES OF AME,3/13/2023
LSIA,LSI North America,3,,UNITED STATES OF AME,3/13/2023
ATPH,Atmosphere,3,,UNITED STATES OF AME,3/13/2023
DD,Duro-Design,3,,UNITED STATES OF AME,3/13/2023
WWC,Worldwide Carpets,3,,UNITED STATES OF AME,3/13/2023
STFR,Statiflor,3,,UNITED STATES OF AME,3/13/2023
GRLN,Girloon,3,,UNITED STATES OF AME,3/13/2023
HANW,Hanwha L&C Corp.,3,,UNITED STATES OF AME,3/13/2023
CATM,Catalina Carpet Mills,3,,UNITED STATES OF AME,3/13/2023
CRTL,Century Tile,3,,UNITED STATES OF AME,3/13/2023
GTFD,GranitiFiandre,3,,UNITED STATES OF AME,3/13/2023
ENDI,Endicott,3,,UNITED STATES OF AME,3/13/2023
SRI,SRI Sports,3,,UNITED STATES OF AME,3/13/2023
ALCP,Alliance Carpet,3,,UNITED STATES OF AME,3/13/2023
TRKS,Tri-Kes,3,,UNITED STATES OF AME,3/13/2023
RGC,Rookwood Grass Carpet,3,,UNITED STATES OF AME,3/13/2023
SHMC,Shelmarc Carpet,3,,UNITED STATES OF AME,3/13/2023
SWFF,Swiff Train,3,,UNITED STATES OF AME,3/13/2023
GMTC,Gemtec,3,,UNITED STATES OF AME,3/13/2023
CDCC,C.D.C. Carpets,3,,UNITED STATES OF AME,3/13/2023
LBI,LBI Boyd,3,,UNITED STATES OF AME,3/13/2023
SILS,Silspun,3,,UNITED STATES OF AME,3/13/2023
SCF,Solida Cork Flooring,3,,UNITED STATES OF AME,3/13/2023
RDCI,Radici USA,3,,UNITED STATES OF AME,3/13/2023
FRAD,"Flooring Adventures, LLC",3,,UNITED STATES OF AME,3/13/2023
MDLN,Medallion,3,,UNITED STATES OF AME,3/13/2023
ACI,Acif Ceramiche,3,,UNITED STATES OF AME,3/13/2023
ALF,Alfa Ceramics,3,,UNITED STATES OF AME,3/13/2023
AST,Ascot Ceramiche,3,,UNITED STATES OF AME,3/13/2023
AZU,"Azuvi, Inc.",3,,UNITED STATES OF AME,3/13/2023
BAL,Ballesmar Ceramics,3,,UNITED STATES OF AME,3/13/2023
BEL,Belmontiles Ceramics,3,,UNITED STATES OF AME,3/13/2023
CAMPO,Campo Galliano Ceramics,3,,UNITED STATES OF AME,3/13/2023
CAS,Castelvetro Ceramics,3,,UNITED STATES OF AME,3/13/2023
CDC,Casa Dolce Casa Ceramics,3,,UNITED STATES OF AME,3/13/2023
CDM,Ceramiche Di Maranello,3,,UNITED STATES OF AME,3/13/2023
CED,Cedir Ceramica,3,,UNITED STATES OF AME,3/13/2023
CER,Cerdomus Ceramica,3,,UNITED STATES OF AME,3/13/2023
CIR,C.I.R. Ceramics,3,,UNITED STATES OF AME,3/13/2023
COL,Colorker,3,,UNITED STATES OF AME,3/13/2023
DOM,DOM,3,,UNITED STATES OF AME,3/13/2023
EDI,Edilcoughi Ceramics,3,,UNITED STATES OF AME,3/13/2023
EDM,Edimax,3,,UNITED STATES OF AME,3/13/2023
ELI,Eliana Ceramica,3,,UNITED STATES OF AME,3/13/2023
ERM,Ermes Ceramics,3,,UNITED STATES OF AME,3/13/2023
FIO,Fioranese Ceramica,3,,UNITED STATES OF AME,3/13/2023
FON,Fondovalle,3,,UNITED STATES OF AME,3/13/2023
IMO,Imolagres,3,,UNITED STATES OF AME,3/13/2023
INA,Inalco,3,,UNITED STATES OF AME,3/13/2023
INC,Incepa,3,,UNITED STATES OF AME,3/13/2023
ITA,Italgraniti,3,,UNITED STATES OF AME,3/13/2023
KBN,Keraben Ceramica Gres,3,,UNITED STATES OF AME,3/13/2023
KER,Keros Ceramica,3,,UNITED STATES OF AME,3/13/2023
LAS,L Astorre,3,,UNITED STATES OF AME,3/13/2023
LEA,Lea Ceramiche,3,,UNITED STATES OF AME,3/13/2023
MQT,Metropolitan Quarry Tile,3,,UNITED STATES OF AME,3/13/2023
MRC,Marca Corona,3,,UNITED STATES OF AME,3/13/2023
MTL,Metaltech,3,,UNITED STATES OF AME,3/13/2023
PAM,Pamesa,3,,UNITED STATES OF AME,3/13/2023
PIE,Piemme Ceramiche,3,,UNITED STATES OF AME,3/13/2023
PNR,Panaria,3,,UNITED STATES OF AME,3/13/2023
RIC,Ricchetti Ceramiche,3,,UNITED STATES OF AME,3/13/2023
SAI,Saicis Ceramiche,3,,UNITED STATES OF AME,3/13/2023
SER,Serenissima Ceramics,3,,UNITED STATES OF AME,3/13/2023
SIMP,Simpolo,3,,UNITED STATES OF AME,3/13/2023
TAU,Tau Ceramica,3,,UNITED STATES OF AME,3/13/2023
USCG,Unicom Starker Ceramic Group,3,,UNITED STATES OF AME,3/13/2023
VGT,Vitrium Glass Tile,3,,UNITED STATES OF AME,3/13/2023
VTR,Vitromex,3,,UNITED STATES OF AME,3/13/2023
SCTC,SelecTech,3,,UNITED STATES OF AME,3/13/2023
CMC,Clayton Miller Carpets,3,,UNITED STATES OF AME,3/13/2023
ARTI,"Artisan's, Inc.",3,,UNITED STATES OF AME,3/13/2023
EDEL,Edelman Leather,3,,UNITED STATES OF AME,3/13/2023
CSRC,Caesar Ceramics,3,,UNITED STATES OF AME,3/13/2023
PTDV,Planet Diva,3,,UNITED STATES OF AME,3/13/2023
S CHS,Shaw Commercial Hard Surfaces,3,,UNITED STATES OF AME,3/13/2023
AMFM,American Florim,3,,UNITED STATES OF AME,3/13/2023
CCTC,Contempo Ceramic Tile Corporation,3,,UNITED STATES OF AME,3/13/2023
COCR,Cooperative Ceramics,3,,UNITED STATES OF AME,3/13/2023
NVCS,Napa Valley Cast Stone,3,,UNITED STATES OF AME,3/13/2023
RFCR,Refin Ceramiche,3,,UNITED STATES OF AME,3/13/2023
ITCR,Interceramic,3,,UNITED STATES OF AME,3/13/2023
UNCK,Unicork,3,,UNITED STATES OF AME,3/13/2023
TCHN,Technistone,3,,UNITED STATES OF AME,3/13/2023
GLM,G&L Marble,3,,UNITED STATES OF AME,3/13/2023
COOK,Cooks,3,,UNITED STATES OF AME,3/13/2023
SMTM,Sonoma Tilemakers,3,,UNITED STATES OF AME,3/13/2023
MLWS,"MLW Stone, LLC",3,,UNITED STATES OF AME,3/13/2023
ATCD,Atlas Concorde,3,,UNITED STATES OF AME,3/13/2023
AHT,Ariostea High Tech,3,,UNITED STATES OF AME,3/13/2023
AURO,Aurora,3,,UNITED STATES OF AME,3/13/2023
NSD,Natural Stone Design,3,,UNITED STATES OF AME,3/13/2023
GOF,Granitex Of Africa,3,,UNITED STATES OF AME,3/13/2023
PST,Pental Stone & Tile,3,,UNITED STATES OF AME,3/13/2023
MIKI,Miki,3,,UNITED STATES OF AME,3/13/2023
REX,Rex,3,,UNITED STATES OF AME,3/13/2023
SVRN,Sovereign,3,,UNITED STATES OF AME,3/13/2023
TLMC,Tile & Marble Collection,3,,UNITED STATES OF AME,3/13/2023
MGCG,Magicgres,3,,UNITED STATES OF AME,3/13/2023
EMIL,Emil Ceramica,3,,UNITED STATES OF AME,3/13/2023
RNDN,Rondine,3,,UNITED STATES OF AME,3/13/2023
STWK,Stoneworks,3,,UNITED STATES OF AME,3/13/2023
AZTL,Arizona Tile,3,,UNITED STATES OF AME,3/13/2023
AMFR,American Floors,3,,UNITED STATES OF AME,3/13/2023
TMTL,Thompson Tile,3,,UNITED STATES OF AME,3/13/2023
ITS,Iberia Tile & Stone,3,,UNITED STATES OF AME,3/13/2023
MGC,Mirage Granito Ceramico,3,,UNITED STATES OF AME,3/13/2023
S CP,Shaw Crosspoint,3,,UNITED STATES OF AME,3/13/2023
II,Impronta Italgraniti,3,,UNITED STATES OF AME,3/13/2023
MMG,Meta Marble & Granite,3,,UNITED STATES OF AME,3/13/2023
MC,Marmol Compac,3,,UNITED STATES OF AME,3/13/2023
CC,Cerypsa Ceramicas,3,,UNITED STATES OF AME,3/13/2023
CTCR,Cerabati Ceramique,3,,UNITED STATES OF AME,3/13/2023
OSGT,Oceanside Glasstile,3,,UNITED STATES OF AME,3/13/2023
IWT,International Wholesale Tile,3,,UNITED STATES OF AME,3/13/2023
VB,Villeroy & Boch,3,,UNITED STATES OF AME,3/13/2023
CUDA,Ceramica UDA,3,,UNITED STATES OF AME,3/13/2023
PORT,Portobello,3,,UNITED STATES OF AME,3/13/2023
GXGT,Galaxy Granite,3,,UNITED STATES OF AME,3/13/2023
QRTZ,Quartzitec,3,,UNITED STATES OF AME,3/13/2023
CMDM,Ceramic DImola,3,,UNITED STATES OF AME,3/13/2023
STTL,Statements Tile,3,,UNITED STATES OF AME,3/13/2023
JASB,Jasba,3,,UNITED STATES OF AME,3/13/2023
DCCR,Deco Cer,3,,UNITED STATES OF AME,3/13/2023
SPTL,Specialty Tile,3,,UNITED STATES OF AME,3/13/2023
MGM,Mystic Granite & Marble,3,,UNITED STATES OF AME,3/13/2023
UCM,Ulster Carpet Mills,3,,UNITED STATES OF AME,3/13/2023
CCMS,Custom Craft Marble & Stone,3,,UNITED STATES OF AME,3/13/2023
STPH,Stephens Carpet,3,,UNITED STATES OF AME,3/13/2023
ORCR,Orchid Ceramics,3,,UNITED STATES OF AME,3/13/2023
VDSN,Vandana Stones,3,,UNITED STATES OF AME,3/13/2023
CFI,Custom Flooring Insets,3,,UNITED STATES OF AME,3/13/2023
PC,Pastorelli Ceramiche,3,,UNITED STATES OF AME,3/13/2023
PGCN,Pittsburgh Corning,3,,UNITED STATES OF AME,3/13/2023
NRSR,North Star,3,,UNITED STATES OF AME,3/13/2023
LSRN,Luserna,3,,UNITED STATES OF AME,3/13/2023
FBTX,Fibretex,3,,UNITED STATES OF AME,3/13/2023
ATS,Alpha Tile & Stone,3,,UNITED STATES OF AME,3/13/2023
WPS,Winter Park Stone,3,,UNITED STATES OF AME,3/13/2023
KG,Keys Granite,3,,UNITED STATES OF AME,3/13/2023
SD,Stone Design,3,,UNITED STATES OF AME,3/13/2023
DSA,Deutsche Steinzeug America,3,,UNITED STATES OF AME,3/13/2023
CE,Ceramic Expressions,3,,UNITED STATES OF AME,3/13/2023
HT,Horizon Tile,3,,UNITED STATES OF AME,3/13/2023
TAGI,Tagina,3,,UNITED STATES OF AME,3/13/2023
WZ,Walker Zanger,3,,UNITED STATES OF AME,3/13/2023
DPC,DuraPoint Carpet,3,,UNITED STATES OF AME,3/13/2023
ETWK,Earthwerks,3,,UNITED STATES OF AME,3/13/2023
TM,Tile Market,3,,UNITED STATES OF AME,3/13/2023
SLST,Silestone,3,,UNITED STATES OF AME,3/13/2023
IC,Ilva Ceramiche,3,,UNITED STATES OF AME,3/13/2023
RSSI,Rossi USA Corp,3,,UNITED STATES OF AME,3/13/2023
AT,American Tile,3,,UNITED STATES OF AME,3/13/2023
SNTL,Stone & Tile,3,,UNITED STATES OF AME,3/13/2023
SRMG,SRI Marble & Granite,3,,UNITED STATES OF AME,3/13/2023
SCCI,Saxony Carpet Company Inc.,3,,UNITED STATES OF AME,3/13/2023
CRSO,Ceramic Solutions,3,,UNITED STATES OF AME,3/13/2023
ALCR,Alcorense Ceramics,3,,UNITED STATES OF AME,3/13/2023
TRFC,Traffic Master,3,,UNITED STATES OF AME,3/13/2023
ACM,Astro Carpet Mills,3,,UNITED STATES OF AME,3/13/2023
SPRT,Sport Floor,3,,UNITED STATES OF AME,3/13/2023
SNCT,Seneca Tiles,3,,UNITED STATES OF AME,3/13/2023
KALE,Kale Ceramics,3,,UNITED STATES OF AME,3/13/2023
SCIS,Sicis Marble,3,,UNITED STATES OF AME,3/13/2023
HCPI,HCP Industries,3,,UNITED STATES OF AME,3/13/2023
STI,Stone Tile International,3,,UNITED STATES OF AME,3/13/2023
MCT,Monarch Ceramic Tile,3,,UNITED STATES OF AME,3/13/2023
GBCK,Globus Cork,3,,UNITED STATES OF AME,3/13/2023
NJP,New Jersey Porcelain,3,,UNITED STATES OF AME,3/13/2023
IRCM,Iris Ceramica,3,,UNITED STATES OF AME,3/13/2023
MEES,Mees,3,,UNITED STATES OF AME,3/13/2023
TLCT,Tilecrest,3,,UNITED STATES OF AME,3/13/2023
SNSR,Stone Source,3,,UNITED STATES OF AME,3/13/2023
FLUS,Florim USA,3,,UNITED STATES OF AME,3/13/2023
GOSE,Gold Seal Ceramic,3,,UNITED STATES OF AME,3/13/2023
FICE,Finale Ceramic,3,,UNITED STATES OF AME,3/13/2023
CERCC,CeraCasa Ceramic,3,,UNITED STATES OF AME,3/13/2023
TIT,Traditions in Tile,3,,UNITED STATES OF AME,3/13/2023
UT,United Tile,3,,UNITED STATES OF AME,3/13/2023
AS,Ann Sacks,3,,UNITED STATES OF AME,3/13/2023
VSS,Vermont Specialty Slate,3,,UNITED STATES OF AME,3/13/2023
MCLG,Michelangelo,3,,UNITED STATES OF AME,3/13/2023
CMG,Catco Marble & Granite,3,,UNITED STATES OF AME,3/13/2023
RUOM,Ruoms,3,,UNITED STATES OF AME,3/13/2023
IMPX,"Impex Development, LLC",3,,UNITED STATES OF AME,3/13/2023
NCT,Newsome Ceramic Tile,3,,UNITED STATES OF AME,3/13/2023
CNQ,Cambria Natural Quartz,3,,UNITED STATES OF AME,3/13/2023
CNTR,Cantor Granite & Marble,3,,UNITED STATES OF AME,3/13/2023
STYL,Style N Tile International,3,,UNITED STATES OF AME,3/13/2023
VLCO,Valco,3,,UNITED STATES OF AME,3/13/2023
VNCT,Villa Natura Ceramic Tile,3,,UNITED STATES OF AME,3/13/2023
CRMAX,Ceramic Matrix,3,,UNITED STATES OF AME,3/13/2023
PROAL,Protect All Specialty Flooring,3,,UNITED STATES OF AME,3/13/2023
ASMG,A & S Marble & Granite,3,,UNITED STATES OF AME,3/13/2023
MUM,Mixed Up Mosaic,3,,UNITED STATES OF AME,3/13/2023
SICPT,Sisal Carpet,3,,UNITED STATES OF AME,3/13/2023
DIAG,Diago Ceramicas,3,,UNITED STATES OF AME,3/13/2023
LUNA,Lunada Bay Tile,3,,UNITED STATES OF AME,3/13/2023
GEI,Group Expo International,3,,UNITED STATES OF AME,3/13/2023
MEX,Mextone Corporation,3,,UNITED STATES OF AME,3/13/2023
TASKI,Taski,3,,UNITED STATES OF AME,3/13/2023
TURE,Tureks,3,,UNITED STATES OF AME,3/13/2023
JMISH,J. Mish,3,,UNITED STATES OF AME,3/13/2023
ROCA,Roca Tile Group,3,,UNITED STATES OF AME,3/13/2023
GRUPO,Grupo Levantina/International Stone Desi,3,,UNITED STATES OF AME,3/13/2023
BLU,Blue Sea-DBA-Earth Stone,3,,UNITED STATES OF AME,3/13/2023
MAXCE,Max Ceramica,3,,UNITED STATES OF AME,3/13/2023
PYGRN,Poly-Green Foam,3,,UNITED STATES OF AME,3/13/2023
CONFL,Connor Floor,3,,UNITED STATES OF AME,3/13/2023
NASTR,NASF/Traction,3,,UNITED STATES OF AME,3/13/2023
MARSY,Marble Systems,3,,UNITED STATES OF AME,3/13/2023
ISCSU,ISC Surfaces,3,,UNITED STATES OF AME,3/13/2023
FIRE2,Fireslate 2,3,,UNITED STATES OF AME,3/13/2023
APAC,All Purpose Adhesive Company,3,,UNITED STATES OF AME,3/13/2023
FLRFO,Floor Folio,3,,UNITED STATES OF AME,3/13/2023
FIOR,Fiorano,3,,UNITED STATES OF AME,3/13/2023
FACAM,Facings Of America,3,,UNITED STATES OF AME,3/13/2023
DESWO,Design Works,3,,UNITED STATES OF AME,3/13/2023
BILTR,Biltrite,3,,UNITED STATES OF AME,3/13/2023
RUBWH,Rubber Wholesalers,3,,UNITED STATES OF AME,3/13/2023
TIFFA,Tiffany,3,,UNITED STATES OF AME,3/13/2023
VIVA,Viva Ceramica,3,,UNITED STATES OF AME,3/13/2023
ASIMP,Associated Imports,3,,UNITED STATES OF AME,3/13/2023
COSA,Cosa Marble,3,,UNITED STATES OF AME,3/13/2023
BTS,Beaver Tile & Stone,3,,UNITED STATES OF AME,3/13/2023
APC,APC Cork Inc,3,,UNITED STATES OF AME,3/13/2023
SNC,Stone-N-Counters,3,,UNITED STATES OF AME,3/13/2023
ULTSY,Ultimate Systems Ltd,3,,UNITED STATES OF AME,3/13/2023
KERCE,Kermont Ceramiche,3,,UNITED STATES OF AME,3/13/2023
BIND,BindnStix/Base King,3,,UNITED STATES OF AME,3/13/2023
ALUMA,"AlumaFloor/Power Stretch,Inc",3,,UNITED STATES OF AME,3/13/2023
CWI,CWI,3,,UNITED STATES OF AME,3/13/2023
ARSD,Architectural Stone Design,3,,UNITED STATES OF AME,3/13/2023
STMD,Stone Marketing Design,3,,UNITED STATES OF AME,3/13/2023
LDI,Longust Dist. Inc.,3,,UNITED STATES OF AME,3/13/2023
PARIS,Paris Ceramics,3,,UNITED STATES OF AME,3/13/2023
CTS,Cactus Stone & Tile,3,,UNITED STATES OF AME,3/13/2023
TFUSA,Turf USA,3,,UNITED STATES OF AME,3/13/2023
ECORE,E-Core//Dodge-Regupol,3,,UNITED STATES OF AME,3/13/2023
VTREX,Vitrex,3,,UNITED STATES OF AME,3/13/2023
RESFL,Responsive Flooring,3,,UNITED STATES OF AME,3/13/2023
TROTM,Tropical Tile & Marble,3,,UNITED STATES OF AME,3/13/2023
TRFST,Turfstore.com,3,,UNITED STATES OF AME,3/13/2023
SFTS,"Softsurfaces, Inc",3,,UNITED STATES OF AME,3/13/2023
HAGA,Hagaman Carpet Industries,3,,UNITED STATES OF AME,3/13/2023
MSIST,MS International Stone,3,,UNITED STATES OF AME,3/13/2023
PRCLX,Porcellanix,3,,UNITED STATES OF AME,3/13/2023
TILSH,The Tile Shop,3,,UNITED STATES OF AME,3/13/2023
ERACO,Eraco Cork,3,,UNITED STATES OF AME,3/13/2023
ARKIM,Arkim,3,,UNITED STATES OF AME,3/13/2023
GRNFL,Green Floors,3,,UNITED STATES OF AME,3/13/2023
SNTPR,Sentinel Products,3,,UNITED STATES OF AME,3/13/2023
TAWHS,Tampa Wholesale,3,,UNITED STATES OF AME,3/13/2023
NORST,Norstone,3,,UNITED STATES OF AME,3/13/2023
RETK,Re-Tek,3,,UNITED STATES OF AME,3/13/2023
ACTM,Atlantic Coast Tile & Marble Dist.,3,,UNITED STATES OF AME,3/13/2023
SYNSU,"Synthetic Surfaces,Inc",3,,UNITED STATES OF AME,3/13/2023
SPSPI,"Sportsfield Specialties, Inc",3,,UNITED STATES OF AME,3/13/2023
WCA,World Class Athletics,3,,UNITED STATES OF AME,3/13/2023
UNICO,Unimin Corp.,3,,UNITED STATES OF AME,3/13/2023
MIZ,Mizner Industries,3,,UNITED STATES OF AME,3/13/2023
KRON,Kronos Ceramiche,3,,UNITED STATES OF AME,3/13/2023
FLINT,"Flintile, Inc.",3,,UNITED STATES OF AME,3/13/2023
CTSF,CTS Flooring,3,,UNITED STATES OF AME,3/13/2023
CKD,CKD Adhesive Solutions,3,,UNITED STATES OF AME,3/13/2023
LOX,Loxcreen,3,,UNITED STATES OF AME,3/13/2023
OSI,"OSI Sealant, Inc",3,,UNITED STATES OF AME,3/13/2023
CEPAC,Cepac Tile,3,,UNITED STATES OF AME,3/13/2023
MEZEN,Mezger Enterprises,3,,UNITED STATES OF AME,3/13/2023
DIATE,Diamond Tech,3,,UNITED STATES OF AME,3/13/2023
PACIF,Pacifica,3,,UNITED STATES OF AME,3/13/2023
SPRE,Spread Tech,3,,UNITED STATES OF AME,3/13/2023
T&A,T&A Distribution,3,,UNITED STATES OF AME,3/13/2023
KAI,Kaiser Tile,3,,UNITED STATES OF AME,3/13/2023
PDTM,Portland Direct Tile & Marble,3,,UNITED STATES OF AME,3/13/2023
DECMA,Decorative Materials,3,,UNITED STATES OF AME,3/13/2023
MOSTI,Mosaicos Tile,3,,UNITED STATES OF AME,3/13/2023
UBC,Unique Building Concepts,3,,UNITED STATES OF AME,3/13/2023
WECPT,Earth Weave Carpet Mills,3,,UNITED STATES OF AME,3/13/2023
CRPLY,Crown Plymer,3,,UNITED STATES OF AME,3/13/2023
BELL2,Bellavita Tile,3,,UNITED STATES OF AME,3/13/2023
LEGE,Legend Tile,3,,UNITED STATES OF AME,3/13/2023
SMDS,Stone Marketing & Design Services,3,,UNITED STATES OF AME,3/13/2023
ENCER,Encore Ceramics,3,,UNITED STATES OF AME,3/13/2023
RCF,Riverview Carpet & Flooring,3,,UNITED STATES OF AME,3/13/2023
CENUS,Central U.S. Coatings,3,,UNITED STATES OF AME,3/13/2023
IRISP,Iris Porcellanto,3,,UNITED STATES OF AME,3/13/2023
TECFL,Techdesign Floors,3,,UNITED STATES OF AME,3/13/2023
LANOV,La Nova Tile Importers,3,,UNITED STATES OF AME,3/13/2023
ARGE,Argelith,3,,UNITED STATES OF AME,3/13/2023
A-GLA,A-Glass,3,,UNITED STATES OF AME,3/13/2023
SAKI,Saki,3,,UNITED STATES OF AME,3/13/2023
A-STO,A-Stone,3,,UNITED STATES OF AME,3/13/2023
NSS,Natural Stone Systems,3,,UNITED STATES OF AME,3/13/2023
SURU,Surfaces Unlimited,3,,UNITED STATES OF AME,3/13/2023
CDCDI,CDC Distributors,3,,UNITED STATES OF AME,3/13/2023
EKSOL,Eko Solutions,3,,UNITED STATES OF AME,3/13/2023
BROOK,Brookforge,3,,UNITED STATES OF AME,3/13/2023
MRBLX,Marblex,3,,UNITED STATES OF AME,3/13/2023
UMI,United Materials Inc,3,,UNITED STATES OF AME,3/13/2023
AKA,Allian Komar Alliance,3,,UNITED STATES OF AME,3/13/2023
ARMC,"Armacell, LLC",3,,UNITED STATES OF AME,3/13/2023
BELL,Bell & Mackenzie Co. LTD.,3,,UNITED STATES OF AME,3/13/2023
BON,"Bonar Technical Yarns, Inc.",3,,UNITED STATES OF AME,3/13/2023
CAR,Caraustar Inc.,3,,UNITED STATES OF AME,3/13/2023
COLB,Colbond Inc.,3,,UNITED STATES OF AME,3/13/2023
DELT,Delta Fine Grind LTD,3,,UNITED STATES OF AME,3/13/2023
DUN,"Dunlap Industries, Inc",3,,UNITED STATES OF AME,3/13/2023
HELM,Helmitin Inc.,3,,UNITED STATES OF AME,3/13/2023
JASMI,"Jason Mills, LLC",3,,UNITED STATES OF AME,3/13/2023
LEX,Lexlawn LLC,3,,UNITED STATES OF AME,3/13/2023
MATFA,Mattex Fabrics,3,,UNITED STATES OF AME,3/13/2023
OXCO,"Oxco, Inc.",3,,UNITED STATES OF AME,3/13/2023
PROPX,"Propex, Inc.",3,,UNITED STATES OF AME,3/13/2023
PROPO,Pro-Power Canada Inc.,3,,UNITED STATES OF AME,3/13/2023
TURST,TurfStore,3,,UNITED STATES OF AME,3/13/2023
UNITX,Universal Textile Technologies,3,,UNITED STATES OF AME,3/13/2023
ARNOL,Arnold Maassen,3,,UNITED STATES OF AME,3/13/2023
MAI,"Marble Associates, Inc",3,,UNITED STATES OF AME,3/13/2023
OSF,Olde Savannah Flooring,3,,UNITED STATES OF AME,3/13/2023
ADVFI,"Advanced Fibers, Inc",3,,UNITED STATES OF AME,3/13/2023
ALETA,"Aleta, Inc",3,,UNITED STATES OF AME,3/13/2023
BLACK,Blackstock Sales Co.,3,,UNITED STATES OF AME,3/13/2023
INTLK,"Interlock Industries, Inc",3,,UNITED STATES OF AME,3/13/2023
AMAPR,Amarco Products,3,,UNITED STATES OF AME,3/13/2023
STAR,Starloc,3,,UNITED STATES OF AME,3/13/2023
MIABP,Miami Beach Pebbles,3,,UNITED STATES OF AME,3/13/2023
TORL,Torlys,3,,UNITED STATES OF AME,3/13/2023
UPOFL,UpoFloor,3,,UNITED STATES OF AME,3/13/2023
ACT,ACT Global,3,,UNITED STATES OF AME,3/13/2023
GEN,"Genan Sales & Logistics, Inc.",3,,UNITED STATES OF AME,3/13/2023
BRO,Brock International,3,,UNITED STATES OF AME,3/13/2023
TEN,Ten Cate Grass,3,,UNITED STATES OF AME,3/13/2023
RDF,Rosco Dance Floors,3,,UNITED STATES OF AME,3/13/2023
GRNFD,Greensfield,3,,UNITED STATES OF AME,3/13/2023
VOBAY,Vogue Bay,3,,UNITED STATES OF AME,3/13/2023
PRH2O,Precision H2O,3,,UNITED STATES OF AME,3/13/2023
ANRM,Anorim,3,,UNITED STATES OF AME,3/13/2023
KNGNW,Kingsport NonWoven,3,,UNITED STATES OF AME,3/13/2023
AKEMI,Akemi,3,,UNITED STATES OF AME,3/13/2023
JWFI,"Johnson Wholesale Floors, Inc.",3,,UNITED STATES OF AME,3/13/2023
ROM,Romall Industries,3,,UNITED STATES OF AME,3/13/2023
WHTSP,White Space,3,,UNITED STATES OF AME,3/13/2023
DIMP,Dimpomar,3,,UNITED STATES OF AME,3/13/2023
MAREX,Marmol Export,3,,UNITED STATES OF AME,3/13/2023
SHI,Stone Horse Imports,3,,UNITED STATES OF AME,3/13/2023
CAVS,CavaStone,3,,UNITED STATES OF AME,3/13/2023
ROXPR,Rox Products,3,,UNITED STATES OF AME,3/13/2023
LBTRS,Liberty Tire Recycling Services of Ohio,3,,UNITED STATES OF AME,3/13/2023
SPCTA,Spectra Contract Flooring,3,,UNITED STATES OF AME,3/13/2023
RTI,Recycling Technologies International,3,,UNITED STATES OF AME,3/13/2023
ARTIG,Artigo,3,,UNITED STATES OF AME,3/13/2023
EWS,Eykon Wallcovering Source,3,,UNITED STATES OF AME,3/13/2023
DOW2,Dow Chemical Co.,3,,UNITED STATES OF AME,3/13/2023
FUJTI,Fujiwa Tile,3,,UNITED STATES OF AME,3/13/2023
SPRLO,Spray-Lock,3,,UNITED STATES OF AME,3/13/2023
NOBFL,Noblefloor,3,,UNITED STATES OF AME,3/13/2023
PWRHL,Powerhold,3,,UNITED STATES OF AME,3/13/2023
SIERT,Sierra Tile,3,,UNITED STATES OF AME,3/13/2023
STNCR,Stone Craft Ind.,3,,UNITED STATES OF AME,3/13/2023
SSSI,Specialized Supplies & Services inc,3,,UNITED STATES OF AME,3/13/2023
PAVIH,PaviHome,3,,UNITED STATES OF AME,3/13/2023
SHAW,Shaw Ind.,3,,UNITED STATES OF AME,3/13/2023
TPCU,Topcu Tile and Stone,3,,UNITED STATES OF AME,3/13/2023
RCFMT,"Recycled Foam Technologies,",3,,UNITED STATES OF AME,3/13/2023
WMST,"Williams & Sons Slate & Tile,Inc",3,,UNITED STATES OF AME,3/13/2023
GACPT,Georgia Carpet Finishers,3,,UNITED STATES OF AME,3/13/2023
VERA,Vera,3,,UNITED STATES OF AME,3/13/2023
NOVOS,Novo Stone,3,,UNITED STATES OF AME,3/13/2023
REPCO,Repco,3,,UNITED STATES OF AME,3/13/2023
PLYVC,PolyVulc,3,,UNITED STATES OF AME,3/13/2023
NATST,Naturalistone,3,,UNITED STATES OF AME,3/13/2023
CRMET,"Carmicheal Equipment, Inc.",3,,UNITED STATES OF AME,3/13/2023
REE,Reeso Tile,3,,UNITED STATES OF AME,3/13/2023
FLOCR,Flowcrete,3,,UNITED STATES OF AME,3/13/2023
SMG,SMG,3,,UNITED STATES OF AME,3/13/2023
AGFB,Agri-Fab,3,,UNITED STATES OF AME,3/13/2023
PURE,Pure Contract,3,,UNITED STATES OF AME,3/13/2023
USFLR,US Floors,3,,UNITED STATES OF AME,3/13/2023
FSI,Fabric Source International,3,,UNITED STATES OF AME,3/13/2023
JMW,JMW Inc.,3,,UNITED STATES OF AME,3/13/2023
P&LMB,P&L Marble,3,,UNITED STATES OF AME,3/13/2023
PRCJT,Precision Jet,3,,UNITED STATES OF AME,3/13/2023
WDNMN,Wiedenmann,3,,UNITED STATES OF AME,3/13/2023
HYPK,Hyde Park Tile & Stone,3,,UNITED STATES OF AME,3/13/2023
SONOM,Sonoma,3,,UNITED STATES OF AME,3/13/2023
TRIK,Trikeenan,3,,UNITED STATES OF AME,3/13/2023
USCP,United Static Control Products,3,,UNITED STATES OF AME,3/13/2023
ENREC,"Entire Recycling, Inc.",3,,UNITED STATES OF AME,3/13/2023
FRCLA,FireClay,3,,UNITED STATES OF AME,3/13/2023
TIP,T.I.P.,3,,UNITED STATES OF AME,3/13/2023
SPTD,Sports Turf Direct,3,,UNITED STATES OF AME,3/13/2023
BCHTL,Buchtal,3,,UNITED STATES OF AME,3/13/2023
ECOF,EcoFoil,3,,UNITED STATES OF AME,3/13/2023
ELICE,Elida Ceramica,3,,UNITED STATES OF AME,3/13/2023
ITWTC,ITWTACC,3,,UNITED STATES OF AME,3/13/2023
QLTYM,"Quality Manufacturing, Inc.",3,,UNITED STATES OF AME,3/13/2023
LNDIS,Landis,3,,UNITED STATES OF AME,3/13/2023
EXLDN,ExcelDrain,3,,UNITED STATES OF AME,3/13/2023
GTR,Groupe Team Rochon,3,,UNITED STATES OF AME,3/13/2023
HALX,Halex Corporation,3,,UNITED STATES OF AME,3/13/2023
IMGTL,Imagine Tile,3,,UNITED STATES OF AME,3/13/2023
TGSI,"Triumph Geo-Synthetics, Inc",3,,UNITED STATES OF AME,3/13/2023
ULTGL,UltraGlas,3,,UNITED STATES OF AME,3/13/2023
ZAN,Zandur,3,,UNITED STATES OF AME,3/13/2023
RFI,Rubber Flooring Inc,3,,UNITED STATES OF AME,3/13/2023
RUFLX,RubberFlex,3,,UNITED STATES OF AME,3/13/2023
IMPAC,Impacta,3,,UNITED STATES OF AME,3/13/2023
BASF,BASF,3,,UNITED STATES OF AME,3/13/2023
ALCA,Alcalaten Tile,3,,UNITED STATES OF AME,3/13/2023
CRONC,Cronin Company,3,,UNITED STATES OF AME,3/13/2023
TSI,Testing Services Inc.,3,,UNITED STATES OF AME,3/13/2023
NSTFL,NorthStar Flooring,3,,UNITED STATES OF AME,3/13/2023
SEMTR,Seam Master,3,,UNITED STATES OF AME,3/13/2023
UNIKA,Unika,3,,UNITED STATES OF AME,3/13/2023
JNDR,John Deere,3,,UNITED STATES OF AME,3/13/2023
BSKNG,Base King,3,,UNITED STATES OF AME,3/13/2023
BALCO,Balco,3,,UNITED STATES OF AME,3/13/2023
STNSO,Stone Solutions,3,,UNITED STATES OF AME,3/13/2023
MARST,Marmi Stone,3,,UNITED STATES OF AME,3/13/2023
DUCHA,DuChateau Floors,3,,UNITED STATES OF AME,3/13/2023
SURAM,Surface America,3,,UNITED STATES OF AME,3/13/2023
TERVE,Terra Verre,3,,UNITED STATES OF AME,3/13/2023
JNKRS,Junckers,3,,UNITED STATES OF AME,3/13/2023
S SS,Shaw Sports Surfaces,3,,UNITED STATES OF AME,3/13/2023
SHLYT,Shelly Tile,3,,UNITED STATES OF AME,3/13/2023
GNTK,Genotek,3,,UNITED STATES OF AME,3/13/2023
KTCT,Kaska Turkish Ceramic Tile,3,,UNITED STATES OF AME,3/13/2023
RGNA,"RG North America, LLC",3,,UNITED STATES OF AME,3/13/2023
VTSSC,Vermont Structural Slate Co.,3,,UNITED STATES OF AME,3/13/2023
CLSST,Classic Stone,3,,UNITED STATES OF AME,3/13/2023
INTLM,Interlam Design,3,,UNITED STATES OF AME,3/13/2023
KWDTS,Kenwood Tile & Stone,3,,UNITED STATES OF AME,3/13/2023
TTS,Tejas Textured Stone,3,,UNITED STATES OF AME,3/13/2023
CHHF,Canadian Heritage Hardwood Flooring,3,,UNITED STATES OF AME,3/13/2023
ANCH,Anchor,3,,UNITED STATES OF AME,3/13/2023
RMG,Ramos Marble & Granite,3,,UNITED STATES OF AME,3/13/2023
KOMAR,Komar Alliance,3,,UNITED STATES OF AME,3/13/2023
MERAC,Meridien Accents,3,,UNITED STATES OF AME,3/13/2023
AMBSN,"American Bluestone, LLC",3,,UNITED STATES OF AME,3/13/2023
UNFDI,Unico Flooring Distributors Inc.,3,,UNITED STATES OF AME,3/13/2023
HANSO,Hanson Hardscapes,3,,UNITED STATES OF AME,3/13/2023
METHW,Metrpolitan Hardwood,3,,UNITED STATES OF AME,3/13/2023
ECOR,Ecore International,3,,UNITED STATES OF AME,3/13/2023
SSF,Signature Sports Flooring,3,,UNITED STATES OF AME,3/13/2023
SURIN,Surfaces Inc.,3,,UNITED STATES OF AME,3/13/2023
TOA,Tile Outlet Of America,3,,UNITED STATES OF AME,3/13/2023
CRTWK,Ceramic Tileworks,3,,UNITED STATES OF AME,3/13/2023
AMHRL,American Harlequin,3,,UNITED STATES OF AME,3/13/2023
SURF9,Surfaces 9,3,,UNITED STATES OF AME,3/13/2023
OTS,"OTS Manufacturing & Supply, Inc",3,,UNITED STATES OF AME,3/13/2023
NYDRE,Nydree Flooring,3,,UNITED STATES OF AME,3/13/2023
DUNE,Dune,3,,UNITED STATES OF AME,3/13/2023
CLSPT,Classic Pool Tile,3,,UNITED STATES OF AME,3/13/2023
BELLA,Bella Stone,3,,UNITED STATES OF AME,3/13/2023
DPCC,Dong Peng Ceramic Co.,3,,UNITED STATES OF AME,3/13/2023
KERMR,Kermarble,3,,UNITED STATES OF AME,3/13/2023
MODA,Moda Carpets,3,,UNITED STATES OF AME,3/13/2023
VAHRD,Virginia Hardwood,3,,UNITED STATES OF AME,3/13/2023
BCSP,Boulder Creek Stone Products,3,,UNITED STATES OF AME,3/13/2023
TXD,"Tile By Design,Inc",3,,UNITED STATES OF AME,3/13/2023
FRZST,ForzaStone,3,,UNITED STATES OF AME,3/13/2023
IFSTR,InterfaceStroll,3,,UNITED STATES OF AME,3/13/2023
MPTC,Masterpiece Tile Co.,3,,UNITED STATES OF AME,3/13/2023
SPSSG,SPS Sone Group,3,,UNITED STATES OF AME,3/13/2023
HTB,Hastings Tile & Bath,3,,UNITED STATES OF AME,3/13/2023
MBACP,Marabella Carpet,3,,UNITED STATES OF AME,3/13/2023
BTSBM,Belden Tri-State Building Materials,3,,UNITED STATES OF AME,3/13/2023
MSNST,Maison Stone,3,,UNITED STATES OF AME,3/13/2023
TUFRL,Tuff-Roll,3,,UNITED STATES OF AME,3/13/2023
TBOWN,Thin Brick By Owensboro,3,,UNITED STATES OF AME,3/13/2023
VENUS,Venus Marble,3,,UNITED STATES OF AME,3/13/2023
CAMCA,"Camie-Campbell, Inc",3,,UNITED STATES OF AME,3/13/2023
FRFT,FreeFit Floors,3,,UNITED STATES OF AME,3/13/2023
RUCK,Ruckstuhl,3,,UNITED STATES OF AME,3/13/2023
SOPR,Soprema,3,,UNITED STATES OF AME,3/13/2023
EPM,Eagle Parts & Machinery,3,,UNITED STATES OF AME,3/13/2023
ISLST,Island Stone,3,,UNITED STATES OF AME,3/13/2023
HITEX,HiTex Corp,3,,UNITED STATES OF AME,3/13/2023
ARCHC,Architectural Ceramics,3,,UNITED STATES OF AME,3/13/2023
RODEO,Rodeo Mills,3,,UNITED STATES OF AME,3/13/2023
QUK,Quick Step,3,,UNITED STATES OF AME,3/13/2023
ONE,One Source,3,,UNITED STATES OF AME,3/13/2023
SAD,Sadlerstone,3,,UNITED STATES OF AME,3/13/2023
SEN,Senio,3,,UNITED STATES OF AME,3/13/2023
SANTA,Santa Regina,3,,UNITED STATES OF AME,3/13/2023
NASC,Nasco Stone & Tile,3,,UNITED STATES OF AME,3/13/2023
MAGST,Magic Stone,3,,UNITED STATES OF AME,3/13/2023
TREM,Tremron Group,3,,UNITED STATES OF AME,3/13/2023
GRNGR,Greens Groomer,3,,UNITED STATES OF AME,3/13/2023
GICG,Got It Covered Group,3,,UNITED STATES OF AME,3/13/2023
KNF,Knight Premium Flooring,3,,UNITED STATES OF AME,3/13/2023
IGEST,IGE Stone,3,,UNITED STATES OF AME,3/13/2023
STILE,Stile,3,,UNITED STATES OF AME,3/13/2023
BR111,BR-111,3,,UNITED STATES OF AME,3/13/2023
KORO,Korogard,3,,UNITED STATES OF AME,3/13/2023
STD,Stone Tile Direct,3,,UNITED STATES OF AME,3/13/2023
SPMA,Spec Master,3,,UNITED STATES OF AME,3/13/2023
GMP,Global Market Partners,3,,UNITED STATES OF AME,3/13/2023
SNBRN,Sonneborn,3,,UNITED STATES OF AME,3/13/2023
NEMO,Nemo Tile,3,,UNITED STATES OF AME,3/13/2023
SGM,Southern Grout & Mortar,3,,UNITED STATES OF AME,3/13/2023
ITLST,Italics Stone,3,,UNITED STATES OF AME,3/13/2023
STR,Synthetic Turf Resources,3,,UNITED STATES OF AME,3/13/2023
SUNST,Sunshine Stone Products,3,,UNITED STATES OF AME,3/13/2023
HGC,Hirsch Glass Corp,3,,UNITED STATES OF AME,3/13/2023
PARA,Parabond,3,,UNITED STATES OF AME,3/13/2023
STAUF,Stauf,3,,UNITED STATES OF AME,3/13/2023
MEI,Midwest Elastomers Inc,3,,UNITED STATES OF AME,3/13/2023
SPID,Sienna Products/InterDecor,3,,UNITED STATES OF AME,3/13/2023
ART,Artstone,3,,UNITED STATES OF AME,3/13/2023
CRTCP,Certified Carpet,3,,UNITED STATES OF AME,3/13/2023
TRUSA,Trend Usa,3,,UNITED STATES OF AME,3/13/2023
CPC,Creative Products Co.,3,,UNITED STATES OF AME,3/13/2023
NWR,Northwest Rubber,3,,UNITED STATES OF AME,3/13/2023
PABRO,Padron Brothers,3,,UNITED STATES OF AME,3/13/2023
TI&TI,Tiles And Tiles,3,,UNITED STATES OF AME,3/13/2023
EOTBR,Eco Timber,3,,UNITED STATES OF AME,3/13/2023
GBI,GBI Tile and Stone,3,,UNITED STATES OF AME,3/13/2023
NS&T,Natural Stone & Tile,3,,UNITED STATES OF AME,3/13/2023
TI&DE,"Tile & Designs, Inc.",3,,UNITED STATES OF AME,3/13/2023
MAEMI,Manifattura Emiliana,3,,UNITED STATES OF AME,3/13/2023
MARWO,Marble of the World,3,,UNITED STATES OF AME,3/13/2023
EURMA,European Marble Co.,3,,UNITED STATES OF AME,3/13/2023
ITAMG,Italia Marble & Granite,3,,UNITED STATES OF AME,3/13/2023
STCON,Stone Connection,3,,UNITED STATES OF AME,3/13/2023
FGT,Favrile Glass Tile,3,,UNITED STATES OF AME,3/13/2023
FLRGG,Flooring Group,3,,UNITED STATES OF AME,3/13/2023
TORI,Torino,3,,UNITED STATES OF AME,3/13/2023
ACP,Architectural Clay Products,3,,UNITED STATES OF AME,3/13/2023
TIESO,Tierra Sol,3,,UNITED STATES OF AME,3/13/2023
L'AIR,L'Air International,3,,UNITED STATES OF AME,3/13/2023
KSP,Keystone Products,3,,UNITED STATES OF AME,3/13/2023
FABCP,Fabrica Carpet,3,,UNITED STATES OF AME,3/13/2023
RSS,Realstone Systems,3,,UNITED STATES OF AME,3/13/2023
INAX,Inax,3,,UNITED STATES OF AME,3/13/2023
MIRTI,Mirage Tile,3,,UNITED STATES OF AME,3/13/2023
SOULD,Southland Products,3,,UNITED STATES OF AME,3/13/2023
HAWK,Hawkeye Ind.,3,,UNITED STATES OF AME,3/13/2023
TNDUS,Tandus,3,,UNITED STATES OF AME,3/13/2023
ADVAD,Advanced Adhesive Technologies,3,,UNITED STATES OF AME,3/13/2023
AGOTL,Agora Tile,3,,UNITED STATES OF AME,3/13/2023
MANIS,Maniscalco Stone,3,,UNITED STATES OF AME,3/13/2023
RAIN,Rainbow Tile,3,,UNITED STATES OF AME,3/13/2023
BRILL,Brilliant Surfaces,3,,UNITED STATES OF AME,3/13/2023
AGU,Aguayo,3,,UNITED STATES OF AME,3/13/2023
QUAMA,Quality Marble,3,,UNITED STATES OF AME,3/13/2023
MERKR,Mer-Krete,3,,UNITED STATES OF AME,3/13/2023
ANDCO,Andersen Company,3,,UNITED STATES OF AME,3/13/2023
MILST,Milano Stone,3,,UNITED STATES OF AME,3/13/2023
RAK,Raku,3,,UNITED STATES OF AME,3/13/2023
DRITA,Dri-Tac,3,,UNITED STATES OF AME,3/13/2023
MET,Metco,3,,UNITED STATES OF AME,3/13/2023
NAT,Naturelle,3,,UNITED STATES OF AME,3/13/2023
KYRSN,Key Resin,3,,UNITED STATES OF AME,3/13/2023
KLNCO,"Klein and Company, Inc.",3,,UNITED STATES OF AME,3/13/2023
AMREC,"American Recycling Center,Inc",3,,UNITED STATES OF AME,3/13/2023
FORD,Fordom,3,,UNITED STATES OF AME,3/13/2023
BRIC,Brick It,3,,UNITED STATES OF AME,3/13/2023
SPECT,Spectra Sports Surfaces,3,,UNITED STATES OF AME,3/13/2023
CHALL,Challenger,3,,UNITED STATES OF AME,3/13/2023
ARPA,Arpa Ceramiche,3,,UNITED STATES OF AME,3/13/2023
CON,Controlled Products,3,,UNITED STATES OF AME,3/13/2023
CAP,Capco,3,,UNITED STATES OF AME,3/13/2023
ELE,Eleganza,3,,UNITED STATES OF AME,3/13/2023
DEC,Decor,3,,UNITED STATES OF AME,3/13/2023
EPS,Emils Prairie Stone,3,,UNITED STATES OF AME,3/13/2023
EPRO,EPRO,3,,UNITED STATES OF AME,3/13/2023
BELCE,Bella Cera,3,,UNITED STATES OF AME,3/13/2023
ATHRE,Athletic Resources,3,,UNITED STATES OF AME,3/13/2023
RSTSO,Real Stone Solutions,3,,UNITED STATES OF AME,3/13/2023
CAM,Campani,3,,UNITED STATES OF AME,3/13/2023
CERAC,Ceramiche Caesar,3,,UNITED STATES OF AME,3/13/2023
STCC,Stone Creek Carpet,3,,UNITED STATES OF AME,3/13/2023
LINRB,Linear Rubber Products Inc.,3,,UNITED STATES OF AME,3/13/2023
PLYME,Polymerica,3,,UNITED STATES OF AME,3/13/2023
DESTS,Designer Tile & Stone,3,,UNITED STATES OF AME,3/13/2023
NAMES,National Metal Shapes,3,,UNITED STATES OF AME,3/13/2023
EMEFL,Emerald Flooring,3,,UNITED STATES OF AME,3/13/2023
NURA,Nurazzo,3,,UNITED STATES OF AME,3/13/2023
BEST,Best Tile,3,,UNITED STATES OF AME,3/13/2023
AIM,AIM/Specialty Construction Brands,3,,UNITED STATES OF AME,3/13/2023
MEDI,Medici Mosaics,3,,UNITED STATES OF AME,3/13/2023
CERCI,Ceramiche Cisa,3,,UNITED STATES OF AME,3/13/2023
CONTS,Continental Terrazzo Supply,3,,UNITED STATES OF AME,3/13/2023
PAPV,Peacock Pavers,3,,UNITED STATES OF AME,3/13/2023
AVO,Avonite Surfaces,3,,UNITED STATES OF AME,3/13/2023
MIKER,Mikado Ergon,3,,UNITED STATES OF AME,3/13/2023
ECOSU,EcoSurfaces,3,,UNITED STATES OF AME,3/13/2023
HAPFL,Happy Floors,3,,UNITED STATES OF AME,3/13/2023
LEVAN,Levantina Annie,3,,UNITED STATES OF AME,3/13/2023
TARTE,Target Technologies Int'l Inc,3,,UNITED STATES OF AME,3/13/2023
PARK,"Parker Company, Inc.",3,,UNITED STATES OF AME,3/13/2023
OTTCR,Ottimo Ceramics,3,,UNITED STATES OF AME,3/13/2023
UNIST,Unisource Stone,3,,UNITED STATES OF AME,3/13/2023
GARCO,"Gardner-Connell, LLC",3,,UNITED STATES OF AME,3/13/2023
ANTIS,Antico Stone,3,,UNITED STATES OF AME,3/13/2023
DELOS,Delos,3,,UNITED STATES OF AME,3/13/2023
CSC,Cooper Stone Corporation,3,,UNITED STATES OF AME,3/13/2023
RHF,Reward Hardwood Flooring,3,,UNITED STATES OF AME,3/13/2023
SEATI,Seattle Tile,3,,UNITED STATES OF AME,3/13/2023
PEER,"Peer,Inc",3,,UNITED STATES OF AME,3/13/2023
DURA,Dur-A-Flex Inc.,3,,UNITED STATES OF AME,3/13/2023
PDL,PDL Flooring Designs,3,,UNITED STATES OF AME,3/13/2023
MAHA,Maharam,3,,UNITED STATES OF AME,3/13/2023
CSINC,"Coverall Stone, Inc",3,,UNITED STATES OF AME,3/13/2023
CHAM,Chameleon,3,,UNITED STATES OF AME,3/13/2023
PCI,"Pro Cyc, Inc.",3,,UNITED STATES OF AME,3/13/2023
GRMT,Greatmats,3,,UNITED STATES OF AME,3/13/2023
CARIN,Carder Industries,3,,UNITED STATES OF AME,3/13/2023
ADH,Adhesive Ways,3,,UNITED STATES OF AME,3/13/2023
DOW,The Dow Chemical Co.,3,,UNITED STATES OF AME,3/13/2023
STDC,Stone Decorative,3,,UNITED STATES OF AME,3/13/2023
REGAM,Regupol America,3,,UNITED STATES OF AME,3/13/2023
HYTEX,Hytex,3,,UNITED STATES OF AME,3/13/2023
WET,Wetelen Monofile,3,,UNITED STATES OF AME,3/13/2023
CIOT,Ciot Tecnica,3,,UNITED STATES OF AME,3/13/2023
WTMK,Watermark,3,,UNITED STATES OF AME,3/13/2023
ARRIA,Arriage USA,3,,UNITED STATES OF AME,3/13/2023
DSTX,Design Tex,3,,UNITED STATES OF AME,3/13/2023
CVET,CoveringsEtc,3,,UNITED STATES OF AME,3/13/2023
CRST,Coronado Stone,3,,UNITED STATES OF AME,3/13/2023
PTLM,Pietra Limited,3,,UNITED STATES OF AME,3/13/2023
AZBK,Arizona Brick Source,3,,UNITED STATES OF AME,3/13/2023
MSTW,Mission Tile West,3,,UNITED STATES OF AME,3/13/2023
TYFG,Tierra Y Fuego,3,,UNITED STATES OF AME,3/13/2023
ENKR,Energie Ker Tile & Stone,3,,UNITED STATES OF AME,3/13/2023
GAMM,Gammapar,3,,UNITED STATES OF AME,3/13/2023
FNGL,Fines Gallery,3,,UNITED STATES OF AME,3/13/2023
DVWK,Da Vinci's Workshop,3,,UNITED STATES OF AME,3/13/2023
DRDK,Dri-Dek,3,,UNITED STATES OF AME,3/13/2023
ARTT,Art Tile,3,,UNITED STATES OF AME,3/13/2023
CMTD,Ceramic Tile Design,3,,UNITED STATES OF AME,3/13/2023
SKBF,Silkroad Bamboo Flooring,3,,UNITED STATES OF AME,3/13/2023
TLST,Tiles & Stones,3,,UNITED STATES OF AME,3/13/2023
OVES,Over The Edge Services,3,,UNITED STATES OF AME,3/13/2023
SNMG,Santa Margherita,3,,UNITED STATES OF AME,3/13/2023
HVAR,Hanover Architectural Products,3,,UNITED STATES OF AME,3/13/2023
MCFR,Mc Farland's,3,,UNITED STATES OF AME,3/13/2023
EPROI,Epro Inc,3,,UNITED STATES OF AME,3/13/2023
SFAR,Surface Art Inc.,3,,UNITED STATES OF AME,3/13/2023
ITAL,Italgres,3,,UNITED STATES OF AME,3/13/2023
ERGO,Ergon Engineered Stone,3,,UNITED STATES OF AME,3/13/2023
PNHL,Pine Hall Brick,3,,UNITED STATES OF AME,3/13/2023
D&B,D&B,3,,UNITED STATES OF AME,3/13/2023
PRCL,Porcelanosa,3,,UNITED STATES OF AME,3/13/2023
NSVI,Natural Stone Veneers International,3,,UNITED STATES OF AME,3/13/2023
RBC,RBC Tile and Stone,3,,UNITED STATES OF AME,3/13/2023
BEN,Benissimo Systems,3,,UNITED STATES OF AME,3/13/2023
ARI,Ariete,3,,UNITED STATES OF AME,3/13/2023
QUE,Questech,3,,UNITED STATES OF AME,3/13/2023
HOME,Home Depot,3,,UNITED STATES OF AME,3/13/2023
DYNA,Dynamic Flooring Concept Ltd,3,,UNITED STATES OF AME,3/13/2023
MUL,Multi Stone Enterprises,3,,UNITED STATES OF AME,3/13/2023
VAC,Vaccari,3,,UNITED STATES OF AME,3/13/2023
GLEN,Glen-Gerry Corporation,3,,UNITED STATES OF AME,3/13/2023
TRUE,Truett Carpets,3,,UNITED STATES OF AME,3/13/2023
IMOL,Imola,3,,UNITED STATES OF AME,3/13/2023
COEM1,Coem Ceramiche,3,,UNITED STATES OF AME,3/13/2023
TRI,Trilogika,3,,UNITED STATES OF AME,3/13/2023
NIKZ,Nikzad,3,,UNITED STATES OF AME,3/13/2023
ECO,ECO Products,3,,UNITED STATES OF AME,3/13/2023
CONC,Concept Surfaces,3,,UNITED STATES OF AME,3/13/2023
A&A,A&A Global,3,,UNITED STATES OF AME,3/13/2023
SUR,Surface Art,3,,UNITED STATES OF AME,3/13/2023
AQUAH,Aqua Hospitality Carpets,3,,UNITED STATES OF AME,3/13/2023
FABB,Fabbrica del Vignola,3,,UNITED STATES OF AME,3/13/2023
AFB,Arizona Flagstone Supply,3,,UNITED STATES OF AME,3/13/2023
MSI,Manu Shah International,3,,UNITED STATES OF AME,3/13/2023
ARRI,Arriscraft International,3,,UNITED STATES OF AME,3/13/2023
TOMKT,To Market,3,,UNITED STATES OF AME,3/13/2023
ZIVA,Zivaworks,3,,UNITED STATES OF AME,3/13/2023
PREMI,Premiere Tile Group,3,,UNITED STATES OF AME,3/13/2023
TAR,Tar-mak USA,3,,UNITED STATES OF AME,3/13/2023
MAR,Marble and Accents,3,,UNITED STATES OF AME,3/13/2023
AIT,American International Tile,3,,UNITED STATES OF AME,3/13/2023
CRMA,Ceramica Magica,3,,UNITED STATES OF AME,3/13/2023
GLIND,Global Industrial,3,,UNITED STATES OF AME,3/13/2023
AMBT,Ambiente,3,,UNITED STATES OF AME,3/13/2023
TRIST,Tri-State,3,,UNITED STATES OF AME,3/13/2023
J&L,Jian & Ling,3,,UNITED STATES OF AME,3/13/2023
MEDUS,Mediterranea USA,3,,UNITED STATES OF AME,3/13/2023
AGM,AGM Imports,3,,UNITED STATES OF AME,3/13/2023
CBS,Carpets By Sierra,3,,UNITED STATES OF AME,3/13/2023
PRO-M,Pro Mound,3,,UNITED STATES OF AME,3/13/2023
ALAMO,Alamo Thin Stone,3,,UNITED STATES OF AME,3/13/2023
VIDRE,Vidrepur,3,,UNITED STATES OF AME,3/13/2023
JECO,Jeffrey Court,3,,UNITED STATES OF AME,3/13/2023
STAT,Staticworx,3,,UNITED STATES OF AME,3/13/2023
AMTS,Ames Tile & Stone,3,,UNITED STATES OF AME,3/13/2023
WOOD,Woodwise,3,,UNITED STATES OF AME,3/13/2023
SNSTS,Sunset Stone,3,,UNITED STATES OF AME,3/13/2023
TLGLC,Tile Gallery Chicago,3,,UNITED STATES OF AME,3/13/2023
SVSGB,Seves Glass Block,3,,UNITED STATES OF AME,3/13/2023
GGT,G & G Tile,3,,UNITED STATES OF AME,3/13/2023
SSHC,"Sashco, Inc",3,,UNITED STATES OF AME,3/13/2023
STVC,Stone Vic,3,,UNITED STATES OF AME,3/13/2023
MGS,Marble & Granite Service,3,,UNITED STATES OF AME,3/13/2023
ASTS,Atlantic Stone Source,3,,UNITED STATES OF AME,3/13/2023
SWG,Southwest Greens,3,,UNITED STATES OF AME,3/13/2023
PHF,Plantation Hardwood Floors,3,,UNITED STATES OF AME,3/13/2023
UAG,Urban Advantage Group,3,,UNITED STATES OF AME,3/13/2023
HBTS,Habitus,3,,UNITED STATES OF AME,3/13/2023
APVSP,Apavisa Porcelanico,3,,UNITED STATES OF AME,3/13/2023
DIRMT,Direct Mat,3,,UNITED STATES OF AME,3/13/2023
RSKN,Raskin Industries,3,,UNITED STATES OF AME,3/13/2023
PVGM,Pavigym,3,,UNITED STATES OF AME,3/13/2023
ACCRK,AcoustiCork,3,,UNITED STATES OF AME,3/13/2023
SMTBK,Summit Brick Company,3,,UNITED STATES OF AME,3/13/2023
SKUDO,Skudo USA,3,,UNITED STATES OF AME,3/13/2023
HRDNG,Harding Carpets,3,,UNITED STATES OF AME,3/13/2023
SPECS,Specified Solutions,3,,UNITED STATES OF AME,3/13/2023
LCTIT,Loctite,3,,UNITED STATES OF AME,3/13/2023
SLPTC,Sliptech,3,,UNITED STATES OF AME,3/13/2023
DIVIN,"Diversified Industries, Inc.",3,,UNITED STATES OF AME,3/13/2023
ZNTR,Zenterra,3,,UNITED STATES OF AME,3/13/2023
AMRST,American Restoration Tile,3,,UNITED STATES OF AME,3/13/2023
FLOR,Flor,3,,UNITED STATES OF AME,3/13/2023
EVOKE,Evoke,3,,UNITED STATES OF AME,3/13/2023
UNIQE,Unique Tile,3,,UNITED STATES OF AME,3/13/2023
MAPSA,Mapisa Ceramica,3,,UNITED STATES OF AME,3/13/2023
TRNTL,Trends in Tile,3,,UNITED STATES OF AME,3/13/2023
GMS,Georgia Masonry Supply,3,,UNITED STATES OF AME,3/13/2023
MOSA,Mosa Tile,3,,UNITED STATES OF AME,3/13/2023
TODPA,Todagres Palazzo,3,,UNITED STATES OF AME,3/13/2023
ETRA,Etruria Design,3,,UNITED STATES OF AME,3/13/2023
SIUSA,Siena USA,3,,UNITED STATES OF AME,3/13/2023
GLAZO,Glazzio Tile,3,,UNITED STATES OF AME,3/13/2023
PLAE,PLAE,3,,UNITED STATES OF AME,3/13/2023
INSPR,Inspira Floors,3,,UNITED STATES OF AME,3/13/2023
CMPG,Compagnia,3,,UNITED STATES OF AME,3/13/2023
WRTHN,"Werthan Tile, LLC",3,,UNITED STATES OF AME,3/13/2023
RBNFL,Robinson Flagstone,3,,UNITED STATES OF AME,3/13/2023
LMART,LoomArt,3,,UNITED STATES OF AME,3/13/2023
ADORE,Adore Floors,3,,UNITED STATES OF AME,3/13/2023
E&S,Everitt & Schilling,3,,UNITED STATES OF AME,3/13/2023
TRAXX,Traxx Corporation,3,,UNITED STATES OF AME,3/13/2023
IVC,IVC US,3,,UNITED STATES OF AME,3/13/2023
QUIK,Quikrete,3,,UNITED STATES OF AME,3/13/2023
DEVIN,Devine Color Floor,3,,UNITED STATES OF AME,3/13/2023
VNSTN,Venture Stone & Tile,3,,UNITED STATES OF AME,3/13/2023
KNMSN,Ken Mason Tile,3,,UNITED STATES OF AME,3/13/2023
PRFFL,Perfection Floor tile,3,,UNITED STATES OF AME,3/13/2023
BLKLB,Black Lab,3,,UNITED STATES OF AME,3/13/2023
HQUN,Harlequin Floors,3,,UNITED STATES OF AME,3/13/2023
MKTCO,Market Collection,3,,UNITED STATES OF AME,3/13/2023
MERIF,Meridian Flooring Products,3,,UNITED STATES OF AME,3/13/2023
NYTRM,Nystrom Building Products,3,,UNITED STATES OF AME,3/13/2023
SOHO,Soho Studio,3,,UNITED STATES OF AME,3/13/2023
RD&ST,Richards & Sterling,3,,UNITED STATES OF AME,3/13/2023
USFAB,US Fabrics,3,,UNITED STATES OF AME,3/13/2023
JULTL,Julian Tile,3,,UNITED STATES OF AME,3/13/2023
WHLR,Wheeler,3,,UNITED STATES OF AME,3/13/2023
SFSTH,"Surfaces Southeast, Inc.",3,,UNITED STATES OF AME,3/13/2023
CBC,CBC Flooring,3,,UNITED STATES OF AME,3/13/2023
KRTLS,Kertiles,3,,UNITED STATES OF AME,3/13/2023
NBLTL,Noble Tile Company,3,,UNITED STATES OF AME,3/13/2023
FVEL,The Five Elements,3,,UNITED STATES OF AME,3/13/2023
PROLX,Prolex Flooring,3,,UNITED STATES OF AME,3/13/2023
BKMBG,Baker Marble and Granite,3,,UNITED STATES OF AME,3/13/2023
BTNA,Betona Tile,3,,UNITED STATES OF AME,3/13/2023
FVEST,Five Star Surfaces,3,,UNITED STATES OF AME,3/13/2023
BRGWT,Bridgewater,3,,UNITED STATES OF AME,3/13/2023
STPSN,"Stepstone, Inc.",3,,UNITED STATES OF AME,3/13/2023
BTIOR,Bati Orient,3,,UNITED STATES OF AME,3/13/2023
ITLGR,Italgreen,3,,UNITED STATES OF AME,3/13/2023
FSHN,Fashion Carpet,3,,UNITED STATES OF AME,3/13/2023
BRMLO,Brumlow Carpet,3,,UNITED STATES OF AME,3/13/2023
WLKTL,Walk On Tile,3,,UNITED STATES OF AME,3/13/2023
INTSR,Interior Surfaces,3,,UNITED STATES OF AME,3/13/2023
SLVS,Sullivan Source,3,,UNITED STATES OF AME,3/13/2023
TTLY,"TOTALLY Enterprises, LLC",3,,UNITED STATES OF AME,3/13/2023
MRKS,Marenakos Rock Center,3,,UNITED STATES OF AME,3/13/2023
FLRK,Florock,3,,UNITED STATES OF AME,3/13/2023
SANLR,San Lorenzo Ceramica,3,,UNITED STATES OF AME,3/13/2023
MTRSF,Metro Surfaces,3,,UNITED STATES OF AME,3/13/2023
EROWT,Eurowest Decorative Surfaces,3,,UNITED STATES OF AME,3/13/2023
UNICN,Unicorn Tiles,3,,UNITED STATES OF AME,3/13/2023
CHSPK,Chesapeake Flooring,3,,UNITED STATES OF AME,3/13/2023
OCML,OC Marmol,3,,UNITED STATES OF AME,3/13/2023
VNGLD,Van Gelder,3,,UNITED STATES OF AME,3/13/2023
SPS,"Sustainable Performance Solutions, LLC",3,,UNITED STATES OF AME,3/13/2023
EXFLS,Exclusive Floor Suply,3,,UNITED STATES OF AME,3/13/2023
V1999,Verde1999 Italian Ceramics,3,,UNITED STATES OF AME,3/13/2023
F2C,Floor 2 Ceiling,3,,UNITED STATES OF AME,3/13/2023
ALLIN,Allied Industries International,3,,UNITED STATES OF AME,3/13/2023
CDE,CDE Tile & Stone,3,,UNITED STATES OF AME,3/13/2023
SYNLA,SYNlawnia,3,,UNITED STATES OF AME,3/13/2023
VOLAD,"Volunteer Adhesives, Corp.",3,,UNITED STATES OF AME,3/13/2023
ONDKS,On Deck Sports,3,,UNITED STATES OF AME,3/13/2023
ZENP,Zen Paradise,3,,UNITED STATES OF AME,3/13/2023
FLGNM,Florence Granite & Marble,3,,UNITED STATES OF AME,3/13/2023
OLDSU,Oldcastle Surfaces,3,,UNITED STATES OF AME,3/13/2023
VNTLM,Venice Tile and Marble,3,,UNITED STATES OF AME,3/13/2023
MNSRA,Mono Serra Group,3,,UNITED STATES OF AME,3/13/2023
TASF,tasflooring,3,,UNITED STATES OF AME,3/13/2023
3FRM,3form,3,,UNITED STATES OF AME,3/13/2023
BRLBR,Boral Bricks,3,,UNITED STATES OF AME,3/13/2023
MBG,"MBG, Inc",3,,UNITED STATES OF AME,3/13/2023
EUROS,EuroStone,3,,UNITED STATES OF AME,3/13/2023
VILLA,Villa Lagoon Tile,3,,UNITED STATES OF AME,3/13/2023
ARON,Aronson's Floor Covering,3,,UNITED STATES OF AME,3/13/2023
CLE',Cle',3,,UNITED STATES OF AME,3/13/2023
SMT,SAMFET,3,,UNITED STATES OF AME,3/13/2023
FXMAG,Fox Marble and Granite,3,,UNITED STATES OF AME,3/13/2023
HLLCY,HIll Country Innovations,3,,UNITED STATES OF AME,3/13/2023
KAYDE,Kadee Industries,3,,UNITED STATES OF AME,3/13/2023
GRNCH,Green Choice Flooring International,3,,UNITED STATES OF AME,3/13/2023
BSSFL,Boss Flooring,3,,UNITED STATES OF AME,3/13/2023
MTRLS,Materials Inc,3,,UNITED STATES OF AME,3/13/2023
ERTST,Earth Stone Gallery,3,,UNITED STATES OF AME,3/13/2023
LUNCR,Lungarno Ceramics,3,,UNITED STATES OF AME,3/13/2023
EOMAC,Eomac,3,,UNITED STATES OF AME,3/13/2023
CCA,Carpet Corporation of America,3,,UNITED STATES OF AME,3/13/2023
FFS,Fishman Flooring Solutions,3,,UNITED STATES OF AME,3/13/2023
NXTFL,Next Floor,3,,UNITED STATES OF AME,3/13/2023
ARTO,ARTO Brick and California Pavers,3,,UNITED STATES OF AME,3/13/2023
CPTLK,CarpetLok,3,,UNITED STATES OF AME,3/13/2023
VTLA,Vitalia Tile,3,,UNITED STATES OF AME,3/13/2023
PROSP,"ProSpec, LLC",3,,UNITED STATES OF AME,3/13/2023
ADCT,Advanced Cutting Technology,3,,UNITED STATES OF AME,3/13/2023
DLCN,DelConca USA,3,,UNITED STATES OF AME,3/13/2023
MRLT,Marlite,3,,UNITED STATES OF AME,3/13/2023
GRDN,Guardian,3,,UNITED STATES OF AME,3/13/2023
PGI,PGI Ceramic,3,,UNITED STATES OF AME,3/13/2023
ENGFL,Engineered Floors,3,,UNITED STATES OF AME,3/13/2023
SPTNS,Spartan Surfaces,3,,UNITED STATES OF AME,3/13/2023
SUSFL,Sustainable Flooring,3,,UNITED STATES OF AME,3/13/2023
HPYFT,Happy Feet International,3,,UNITED STATES OF AME,3/13/2023
TD2,TD2,3,,UNITED STATES OF AME,3/13/2023
CFLR,Commercial Flooring Distributor,3,,UNITED STATES OF AME,3/13/2023
ALTTG,Alttoglass Glass Mosaic,3,,UNITED STATES OF AME,3/13/2023
EPCHA,Epocha Ceramiche,3,,UNITED STATES OF AME,3/13/2023
KAZA,Kaza Concrete,3,,UNITED STATES OF AME,3/13/2023
ARTOB,Art of Board,3,,UNITED STATES OF AME,3/13/2023
BOON,Boone Floors,3,,UNITED STATES OF AME,3/13/2023
SNITE,Sonite Innovative Surfaces,3,,UNITED STATES OF AME,3/13/2023
CRM,CRM Company,3,,UNITED STATES OF AME,3/13/2023
STNM,Stone Mart,3,,UNITED STATES OF AME,3/13/2023
VLATS,villa tuscania,3,,UNITED STATES OF AME,3/13/2023
CSAAN,Casa Antica,3,,UNITED STATES OF AME,3/13/2023
CMPTL,The Complete Tile Collection,3,,UNITED STATES OF AME,3/13/2023
PRIND,Protective Industrial Polymers,3,,UNITED STATES OF AME,3/13/2023
TAJ,TAJ Flooring,3,,UNITED STATES OF AME,3/13/2023
NAF,Naturally Aged Flooring,3,,UNITED STATES OF AME,3/13/2023
KOLAY,KolayFlooring International,3,,UNITED STATES OF AME,3/13/2023
PBLTL,Pebble Tile Mosaics,3,,UNITED STATES OF AME,3/13/2023
KDCPT,Kid Carpet .com,3,,UNITED STATES OF AME,3/13/2023
GRIF,GRIFform Innovations,3,,UNITED STATES OF AME,3/13/2023
SNTN,Suntine Stone,3,,UNITED STATES OF AME,3/13/2023
ARCHT,Architectural Tile & Stone,3,,UNITED STATES OF AME,3/13/2023
INFFA,Infinity Fabrics,3,,UNITED STATES OF AME,3/13/2023
CRSTA,Ceramica Sant'Agostino,3,,UNITED STATES OF AME,3/13/2023
ALKS,ALKS + Associates,3,,UNITED STATES OF AME,3/13/2023
WULFF,WULFF,3,,UNITED STATES OF AME,3/13/2023
BUSSO,Bussoga Surreal Design,3,,UNITED STATES OF AME,3/13/2023
MISST,Mission Stone & Tile,3,,UNITED STATES OF AME,3/13/2023
PROFX,Proflex Products,3,,UNITED STATES OF AME,3/13/2023
ROCKP,Rocky Point Tile,3,,UNITED STATES OF AME,3/13/2023
DNIS,Dunnis Studio,3,,UNITED STATES OF AME,3/13/2023
FREES,FreeStyle Flooring,3,,UNITED STATES OF AME,3/13/2023
VSDRA,Vesdura,3,,UNITED STATES OF AME,3/13/2023
MODSU,Modern Surface,3,,UNITED STATES OF AME,3/13/2023
FMG,Fabbrica Marmi e Graniti,3,,UNITED STATES OF AME,3/13/2023
ATT,A Tile Tradition,3,,UNITED STATES OF AME,3/13/2023
BTU,Bricks and Tiles Unlmtd,3,,UNITED STATES OF AME,3/13/2023
SM,SuperMats,3,,UNITED STATES OF AME,3/13/2023
BD,BuildDirect,3,,UNITED STATES OF AME,3/13/2023
L'ANT,L'Antic Colonial,3,,UNITED STATES OF AME,3/13/2023
TILED,TileDaily,3,,UNITED STATES OF AME,3/13/2023
VLYST,"Valley Stone, LLC",3,,UNITED STATES OF AME,3/13/2023
ASTOR,Astor Ceramiche,3,,UNITED STATES OF AME,3/13/2023
L43,Level 43 Mosaics,3,,UNITED STATES OF AME,3/13/2023
WSG,World Sales Group,3,,UNITED STATES OF AME,3/13/2023
SYNTF,Synthetic Turf Solutions,3,,UNITED STATES OF AME,3/13/2023
GBM,GBM Manufacturing,3,,UNITED STATES OF AME,3/13/2023
CNCS,Cancos Tile,3,,UNITED STATES OF AME,3/13/2023
BIGD,Big D Floor Covering,3,,UNITED STATES OF AME,3/13/2023
TPG,Tile Products Group,3,,UNITED STATES OF AME,3/13/2023
SONI,Soni Interiors,3,,UNITED STATES OF AME,3/13/2023
UZIN,Uzin Utz Group,3,,UNITED STATES OF AME,3/13/2023
TRISL,Tristone & Tile,3,,UNITED STATES OF AME,3/13/2023
ECOVE,Easycove,3,,UNITED STATES OF AME,3/13/2023
WOW,Wow Design EU,3,,UNITED STATES OF AME,3/13/2023
OMT,Original Mission Tile,3,,UNITED STATES OF AME,3/13/2023
NOVA,Nova Floor,3,,UNITED STATES OF AME,3/13/2023
ECOFN,Ecofinishes,3,,UNITED STATES OF AME,3/13/2023
PMW,Pioneer Millworks,3,,UNITED STATES OF AME,3/13/2023
JOHNT,Johnson Tiles,3,,UNITED STATES OF AME,3/13/2023
QCIL,Quality Craft Intl,3,,UNITED STATES OF AME,3/13/2023
WAKL,WAKOL,3,,UNITED STATES OF AME,3/13/2023
SIENA,"Siena, LLC",3,,UNITED STATES OF AME,3/13/2023
STPRU,"Stone Products Unimited, Inc",3,,UNITED STATES OF AME,3/13/2023
PLTQ,Pliteq Inc.,3,,UNITED STATES OF AME,3/13/2023
CRMIN,Creative Mines,3,,UNITED STATES OF AME,3/13/2023
CRRND,Ceramica Rondine,3,,UNITED STATES OF AME,3/13/2023
CRSTN,Carthage Stoneworks,3,,UNITED STATES OF AME,3/13/2023
LAFZ,Lafaenza,3,,UNITED STATES OF AME,3/13/2023
HERIT,Heritage Tile,3,,UNITED STATES OF AME,3/13/2023
CMT,Custom Tile Mosaic,3,,UNITED STATES OF AME,3/13/2023
TRAV,Traverse,3,,UNITED STATES OF AME,3/13/2023
VOGLS,Voglus Decoration Material,3,,UNITED STATES OF AME,3/13/2023
RYAD,Royal Adhesives & Sealants,3,,UNITED STATES OF AME,3/13/2023
ARONS,Aronson's,3,,UNITED STATES OF AME,3/13/2023
THOR,Thor,3,,UNITED STATES OF AME,3/13/2023
MCGRY,McGrory Glass,3,,UNITED STATES OF AME,3/13/2023
OBCT,Object Carpet,3,,UNITED STATES OF AME,3/13/2023
14ORA,14oraitaliana,3,,UNITED STATES OF AME,3/13/2023
NTLCT,"National Custom, Inc",3,,UNITED STATES OF AME,3/13/2023
GIO,Gio Tile,3,,UNITED STATES OF AME,3/13/2023
NOVLS,Novalis Innovative Flooring,3,,UNITED STATES OF AME,3/13/2023
PICC,Piccolo Mosaic,3,,UNITED STATES OF AME,3/13/2023
EL4DS,Elements4Design,3,,UNITED STATES OF AME,3/13/2023
STORK,Storka,3,,UNITED STATES OF AME,3/13/2023
TECT,TECTURA designs,3,,UNITED STATES OF AME,3/13/2023
MERCM,Mercury Mosaics,3,,UNITED STATES OF AME,3/13/2023
GIORB,Giorbello,3,,UNITED STATES OF AME,3/13/2023
PARAD,Paradigm,3,,UNITED STATES OF AME,3/13/2023
AUTOS,AutoStone Floor Systems,3,,UNITED STATES OF AME,3/13/2023
SWAN,Swanstone,3,,UNITED STATES OF AME,3/13/2023
STFAR,Stone Farm,3,,UNITED STATES OF AME,3/13/2023
TOPT,TopTile,3,,UNITED STATES OF AME,3/13/2023
FELLS,Fells Carpets,3,,UNITED STATES OF AME,3/13/2023
HFCHZ,HFC Horizon,3,,UNITED STATES OF AME,3/13/2023
ALBA,Alba Kitchen and Bath,3,,UNITED STATES OF AME,3/13/2023
VENRS,VeneerStone,3,,UNITED STATES OF AME,3/13/2023
RLV,Reward Luxury Vinyl Flooring,3,,UNITED STATES OF AME,3/13/2023
FLKBR,Faulks Bros Construction,3,,UNITED STATES OF AME,3/13/2023
CRYSP,Crystal Products,3,,UNITED STATES OF AME,3/13/2023
STPLY,StonePly,3,,UNITED STATES OF AME,3/13/2023
SOMTI,SomerTile,3,,UNITED STATES OF AME,3/13/2023
VLOER,Vloer Commercial Flooring Systems,3,,UNITED STATES OF AME,3/13/2023
WWG,W.W. Grainger,3,,UNITED STATES OF AME,3/13/2023
FLETC,Fletco Carpets,3,,UNITED STATES OF AME,3/13/2023
EQUIP,Equipe Ceramicas,3,,UNITED STATES OF AME,3/13/2023
PRNDA,Peronda Group,3,,UNITED STATES OF AME,3/13/2023
SALON,Saloni Ceramica,3,,UNITED STATES OF AME,3/13/2023
PATIN,Patina Old World Flooring,3,,UNITED STATES OF AME,3/13/2023
CTMTI,CTM Tile,3,,UNITED STATES OF AME,3/13/2023
OVF,Ohio Valley Flooring,3,,UNITED STATES OF AME,3/13/2023
URBA,Urbatek Ceramics,3,,UNITED STATES OF AME,3/13/2023
CCC,Craftsman Court Ceramics,3,,UNITED STATES OF AME,3/13/2023
CI,Concrete Innovations,3,,UNITED STATES OF AME,3/13/2023
HCS,Hospitality Contract Services,3,,UNITED STATES OF AME,3/13/2023
HARCK,Harris Cork,3,,UNITED STATES OF AME,3/13/2023
MV,Mineral Visions,3,,UNITED STATES OF AME,3/13/2023
DSS,Dollamur Sport Surfaces,3,,UNITED STATES OF AME,3/13/2023
SIGAC,Signature Accord,3,,UNITED STATES OF AME,3/13/2023
SGW,Synthetic Grass Warehouse,3,,UNITED STATES OF AME,3/13/2023
KBRS,"KBRS, Inc.",3,,UNITED STATES OF AME,3/13/2023
41ZER,41zero42,3,,UNITED STATES OF AME,3/13/2023
ET,EasyTurf,3,,UNITED STATES OF AME,3/13/2023
SIF,Summit International Flooring,3,,UNITED STATES OF AME,3/13/2023
SOCI,SOCI Inc.,3,,UNITED STATES OF AME,3/13/2023
BRKWA,Brockway Kidderminster,3,,UNITED STATES OF AME,3/13/2023
DFW,DFW Stone Supply,3,,UNITED STATES OF AME,3/13/2023
CTSHO,Cement Tile Shop,3,,UNITED STATES OF AME,3/13/2023
JDS,J.D. Staron,3,,UNITED STATES OF AME,3/13/2023
CB&T,Cherokee Brick & Tile,3,,UNITED STATES OF AME,3/13/2023
USP,US SPEC,3,,UNITED STATES OF AME,3/13/2023
AMSTP,Amstep Products,3,,UNITED STATES OF AME,3/13/2023
SHPHI,Shaw Philadelphia Mainstreet,3,,UNITED STATES OF AME,3/13/2023
SB,SureBond,3,,UNITED STATES OF AME,3/13/2023
SOUTR,Southern Traditions,3,,UNITED STATES OF AME,3/13/2023
SFMAT,Surface Materials,3,,UNITED STATES OF AME,3/13/2023
AQUA,"Aquaflex, Inc",3,,UNITED STATES OF AME,3/13/2023
COFLR,Country Floors,3,,UNITED STATES OF AME,3/13/2023
LMC,Landmark Ceramics,3,,UNITED STATES OF AME,3/13/2023
PNTSF,Pental Surfaces,3,,UNITED STATES OF AME,3/13/2023
APAR,Aparici,3,,UNITED STATES OF AME,3/13/2023
VTS,Valorem Tile Surfaces,3,,UNITED STATES OF AME,3/13/2023
AZST,Arizona Stone,3,,UNITED STATES OF AME,3/13/2023
IMSP,Impact Specialties,3,,UNITED STATES OF AME,3/13/2023
S DO,Shaw Design Origins,3,,UNITED STATES OF AME,3/13/2023
FEGW,Fired Earth Glass Works,3,,UNITED STATES OF AME,3/13/2023
SMCHS,Shaw Mainstreet Commercial Hard Surface,3,,UNITED STATES OF AME,3/13/2023
BELDE,The Belden Brick Company,3,,UNITED STATES OF AME,3/13/2023
LVR,Las Vegas Rock,3,,UNITED STATES OF AME,3/13/2023
BPC,Berry Plastics Corporation,3,,UNITED STATES OF AME,3/13/2023
OCMO,Ocean Mosaics,3,,UNITED STATES OF AME,3/13/2023
TSSI,Tile + Stone Source Int'l,3,,UNITED STATES OF AME,3/13/2023
CNTFG,Century Fincibec Group,3,,UNITED STATES OF AME,3/13/2023
FORTA,Fortane,3,,UNITED STATES OF AME,3/13/2023
MYTBS,My Tile Backsplash,3,,UNITED STATES OF AME,3/13/2023
PRIDE,Pride Carpets,3,,UNITED STATES OF AME,3/13/2023
CRG,CRG Floors & Surfaces,3,,UNITED STATES OF AME,3/13/2023
EXCL,Excelsior Installation Products,3,,UNITED STATES OF AME,3/13/2023
TBAR,TileBar,3,,UNITED STATES OF AME,3/13/2023
ENPLA,EnPlast Technology,3,,UNITED STATES OF AME,3/13/2023
RPM,RPM Sports Floors,3,,UNITED STATES OF AME,3/13/2023
ARTC,Artaic,3,,UNITED STATES OF AME,3/13/2023
OLDMI,Old Mill Thin Brick Systems,3,,UNITED STATES OF AME,3/13/2023
VLLGA,Vallelunga,3,,UNITED STATES OF AME,3/13/2023
TREDI,Tile Redi,3,,UNITED STATES OF AME,3/13/2023
STSRF,Stadium Surface,3,,UNITED STATES OF AME,3/13/2023
STRSA,Sterling Sand,3,,UNITED STATES OF AME,3/13/2023
WNDR,Wonder Porcelain,3,,UNITED STATES OF AME,3/13/2023
CISCO,Ceramic Installation Supply Co.,3,,UNITED STATES OF AME,3/13/2023
RONIC,Ronick Matting Systems,3,,UNITED STATES OF AME,3/13/2023
URSRF,Urban Surfaces,3,,UNITED STATES OF AME,3/13/2023
SIXDG,Six Degrees Flooring Surfaces,3,,UNITED STATES OF AME,3/13/2023
INTEG,Integris Solutions,3,,UNITED STATES OF AME,3/13/2023
ADVFL,Advanta Flooring,3,,UNITED STATES OF AME,3/13/2023
DUKL,Duk Liner Shower Niche System,3,,UNITED STATES OF AME,3/13/2023
AATC,Atlanta Airlines Terminal Corporation,3,,UNITED STATES OF AME,3/13/2023
BLDRD,The Builder Depot,3,,UNITED STATES OF AME,3/13/2023
URBFL,UrbanFloor,3,,UNITED STATES OF AME,3/13/2023
CARCE,Carolina Ceramics,3,,UNITED STATES OF AME,3/13/2023
ALAST,Alabama Wholesale Stone Co.,3,,UNITED STATES OF AME,3/13/2023
TCSN,Tecsun,3,,UNITED STATES OF AME,3/13/2023
BCKBA,Back Bay,3,,UNITED STATES OF AME,3/13/2023
SZYGY,Syzygy,3,,UNITED STATES OF AME,3/13/2023
FSTPK,Forest Park Sheet Metal,3,,UNITED STATES OF AME,3/13/2023
PTRSL,PetraSlate Tile & Stone,3,,UNITED STATES OF AME,3/13/2023
TAYCL,Taylor Clay Products,3,,UNITED STATES OF AME,3/13/2023
MALCR,Malibu Ceramic Works,3,,UNITED STATES OF AME,3/13/2023
MARDS,Marble Designs,3,,UNITED STATES OF AME,3/13/2023
CTILE,Complete Tile Collection,3,,UNITED STATES OF AME,3/13/2023
CRSVS,Crossville Studio,3,,UNITED STATES OF AME,3/13/2023
GTWY,Gateway,3,,UNITED STATES OF AME,3/13/2023
PENTZ,Pentz Commercial Flooring,3,,UNITED STATES OF AME,3/13/2023
SAF,Southern Aluminum Finishing,3,,UNITED STATES OF AME,3/13/2023
AMST,American Stair Treads,3,,UNITED STATES OF AME,3/13/2023
NIS,Nile International Stone,3,,UNITED STATES OF AME,3/13/2023
BABDA,Babcock-Davis,3,,UNITED STATES OF AME,3/13/2023
ADHTC,Adhesive Technologies,3,,UNITED STATES OF AME,3/13/2023
STNTC,"Stone-Tec, Inc.",3,,UNITED STATES OF AME,3/13/2023
SKYDN,Skyline Design,3,,UNITED STATES OF AME,3/13/2023
SHCMR,Shaw Commercial Resilient,3,,UNITED STATES OF AME,3/13/2023
ANCOR,Ancor,3,,UNITED STATES OF AME,3/13/2023
CARME,Carmen Ceramic Art,3,,UNITED STATES OF AME,3/13/2023
TUBLI,Tube Lighting Products,3,,UNITED STATES OF AME,3/13/2023
2STN,2Stone Designer Concrete,3,,UNITED STATES OF AME,3/13/2023
MXTL,MexicanTiles,3,,UNITED STATES OF AME,3/13/2023
16575,Speartek,3,,UNITED STATES OF AME,3/13/2023
PJ,Premier Jet,3,,UNITED STATES OF AME,3/13/2023
CALI,Cali Bamboo,3,,UNITED STATES OF AME,3/13/2023
LNSO,Lonesome Oak,3,,UNITED STATES OF AME,3/13/2023
RTRG,Rite Rug,3,,UNITED STATES OF AME,3/13/2023
ULTRB,Ultimate RB,3,,UNITED STATES OF AME,3/13/2023
CAYST,Canyon Stone,3,,UNITED STATES OF AME,3/13/2023
IBS,International Builder's Supply,3,,UNITED STATES OF AME,3/13/2023
KDIC,Kodiac Sports,3,,UNITED STATES OF AME,3/13/2023
ALKST,Alkusari Stone,3,,UNITED STATES OF AME,3/13/2023
SPTF,Sporturf,3,,UNITED STATES OF AME,3/13/2023
NOVOC,Novocore,3,,UNITED STATES OF AME,3/13/2023
GCMG,Gulf Coast Marble & Granite,3,,UNITED STATES OF AME,3/13/2023
ERTSV,EarthSaver Flooring,3,,UNITED STATES OF AME,3/13/2023
DBRCL,Dunbar Cullum,3,,UNITED STATES OF AME,3/13/2023
RGLFL,Regalfill,3,,UNITED STATES OF AME,3/13/2023
CFSP,CushionFall Sport,3,,UNITED STATES OF AME,3/13/2023
SATEC,"Satech, Inc",3,,UNITED STATES OF AME,3/13/2023
HILPC,Hilfiker Pipe Company,3,,UNITED STATES OF AME,3/13/2023
AMGR,American Granite,3,,UNITED STATES OF AME,3/13/2023
WFGRN,Wolf-Gordon Products,3,,UNITED STATES OF AME,3/13/2023
CMAWK,Custom Marble Works,3,,UNITED STATES OF AME,3/13/2023
LMMC,Landmark Metal Coat,3,,UNITED STATES OF AME,3/13/2023
TSSC,The Structural Slate Co.,3,,UNITED STATES OF AME,3/13/2023
NASF,North American Specialty Flooring,3,,UNITED STATES OF AME,3/13/2023
KPMFL,KPM Flooring,3,,UNITED STATES OF AME,3/13/2023
RESCO,"RESCO Plastics, Inc.",3,,UNITED STATES OF AME,3/13/2023
VTRST,Vetter Stone,3,,UNITED STATES OF AME,3/13/2023
SMTFP,Schmitz Foam Products,3,,UNITED STATES OF AME,3/13/2023
ALPZC,Alpeza Co.,3,,UNITED STATES OF AME,3/13/2023
PROFL,Procedo Flooring,3,,UNITED STATES OF AME,3/13/2023
STNUN,Stone Universe,3,,UNITED STATES OF AME,3/13/2023
FSTCT,Fieldstone Center,3,,UNITED STATES OF AME,3/13/2023
SPTCT,Sport Court,3,,UNITED STATES OF AME,3/13/2023
CRMTI,Creative Metal Tile,3,,UNITED STATES OF AME,3/13/2023
DDS,Design & Direct Source,3,,UNITED STATES OF AME,3/13/2023
TWNCN,Town & Country Flooring,3,,UNITED STATES OF AME,3/13/2023
ETPMU,Eternity Premium Underlayments,3,,UNITED STATES OF AME,3/13/2023
DENTE,Dente Trading,3,,UNITED STATES OF AME,3/13/2023
USCTL,United States Ceramic Tile,3,,UNITED STATES OF AME,3/13/2023
CAPLS,"CA Plus Adhesives, Inc.",3,,UNITED STATES OF AME,3/13/2023
CSGRP,C S Group,3,,UNITED STATES OF AME,3/13/2023
SMTI,Smith Turf & Irrigation,3,,UNITED STATES OF AME,3/13/2023
GRNTM,Green Tree Mill,3,,UNITED STATES OF AME,3/13/2023
CEMI,Centrali Marble Inc,3,,UNITED STATES OF AME,3/13/2023
SCFLD,Scofield,3,,UNITED STATES OF AME,3/13/2023
DOLCE,Dolce Italia,3,,UNITED STATES OF AME,3/13/2023
CRAFT,Craftsman Ceramic Tile,3,,UNITED STATES OF AME,3/13/2023
AVAIR,Avaire,3,,UNITED STATES OF AME,3/13/2023
MTS,Mosaic Tile Supplies LLC,3,,UNITED STATES OF AME,3/13/2023
SJMOS,Susan Jablon Mosaics,3,,UNITED STATES OF AME,3/13/2023
TERMA,Terra Marmol,3,,UNITED STATES OF AME,3/13/2023
PITIN,Pittcon Industies,3,,UNITED STATES OF AME,3/13/2023
CRSTT,Crest Tile,3,,UNITED STATES OF AME,3/13/2023
PACCL,Pacific Clay Products Inc,3,,UNITED STATES OF AME,3/13/2023
USGRN,USGreentech,3,,UNITED STATES OF AME,3/13/2023
MVDO,"Movado, LLC",3,,UNITED STATES OF AME,3/13/2023
SARKT,Sark Tile,3,,UNITED STATES OF AME,3/13/2023
DRFLX,Dur-A-Flex Inc.,3,,UNITED STATES OF AME,3/13/2023
STNPT,Stone Partnership,3,,UNITED STATES OF AME,3/13/2023
TACGR,TAC Granite,3,,UNITED STATES OF AME,3/13/2023
VSTS,Vine Street Tile Studio,3,,UNITED STATES OF AME,3/13/2023
PNS,Puccini Natural Stone,3,,UNITED STATES OF AME,3/13/2023
XGRS,XGrass,3,,UNITED STATES OF AME,3/13/2023
THBKC,The Thomas Brick Company,3,,UNITED STATES OF AME,3/13/2023
INMLC,Intercontinental Marble Corp.,3,,UNITED STATES OF AME,3/13/2023
BRSTL,Brastile,3,,UNITED STATES OF AME,3/13/2023
PLYAR,Polycor Architectural Inc.,3,,UNITED STATES OF AME,3/13/2023
MDLEO,Moduleo Design Floors,3,,UNITED STATES OF AME,3/13/2023
SDSTT,Sedona Stone & Tile,3,,UNITED STATES OF AME,3/13/2023
GLFLS,Global Flooring Solutions,3,,UNITED STATES OF AME,3/13/2023
SHLST,Shellstone Imports,3,,UNITED STATES OF AME,3/13/2023
ALFAL,Alfalux,3,,UNITED STATES OF AME,3/13/2023
UONON,Uonuon,3,,UNITED STATES OF AME,3/13/2023
SGNTR,Signature,3,,UNITED STATES OF AME,3/13/2023
DDC,Dimensions Design Center,3,,UNITED STATES OF AME,3/13/2023
TTUSC,The Tuscany Collection,3,,UNITED STATES OF AME,3/13/2023
THENS,The Ensemble,3,,UNITED STATES OF AME,3/13/2023
FLRSC,FloorScore,3,,UNITED STATES OF AME,3/13/2023
TWSM,Twin Stone Marble,3,,UNITED STATES OF AME,3/13/2023
STMKI,Stone Marketing International,3,,UNITED STATES OF AME,3/13/2023
ADEX,Adex USA,3,,UNITED STATES OF AME,3/13/2023
MMI,Moonlight Molds Inc.,3,,UNITED STATES OF AME,3/13/2023
PHXFL,Phenix Flooring,3,,UNITED STATES OF AME,3/13/2023
FLWKT,Floorworks Tile,3,,UNITED STATES OF AME,3/13/2023
BASR,"BAS Recycling, Inc",3,,UNITED STATES OF AME,3/13/2023
STRSM,Santa Rosa Marble,3,,UNITED STATES OF AME,3/13/2023
BIGLO,Bigelow Commercial,3,,UNITED STATES OF AME,3/13/2023
CONCO,Concrete Collaborative,3,,UNITED STATES OF AME,3/13/2023
TRIBS,Tribble Stone,3,,UNITED STATES OF AME,3/13/2023
CACCO,"Caccese Collection, LLC",3,,UNITED STATES OF AME,3/13/2023
KNXTL,Knox Tile,3,,UNITED STATES OF AME,3/13/2023
HPSPC,HP Spartacote,3,,UNITED STATES OF AME,3/13/2023
NSCER,NS Ceramic Inc,3,,UNITED STATES OF AME,3/13/2023
MDWLS,Modwalls,3,,UNITED STATES OF AME,3/13/2023
MNSTC,MainStreet Carpet Tile,3,,UNITED STATES OF AME,3/13/2023
TEMPO,Tempo Industries,3,,UNITED STATES OF AME,3/13/2023
MBTLO,Marble and Tile Outlet,3,,UNITED STATES OF AME,3/13/2023
HVFL,Harding Vinyl Flooring,3,,UNITED STATES OF AME,3/13/2023
GALLE,Galleher,3,,UNITED STATES OF AME,3/13/2023
CERLA,Ceramicas Lacalaten,3,,UNITED STATES OF AME,3/13/2023
RBRCN,The Rubber Connection,3,,UNITED STATES OF AME,3/13/2023
IRNWV,IronWeave,3,,UNITED STATES OF AME,3/13/2023
CIRIN,"Cirlce, Inc.",3,,UNITED STATES OF AME,3/13/2023
SSFL,Shannon Specialty Floors,3,,UNITED STATES OF AME,3/13/2023
CALFL,California Flooring Express,3,,UNITED STATES OF AME,3/13/2023
ONYX,Onyx Tile Distributors,3,,UNITED STATES OF AME,3/13/2023
EIT,Eastern Import Tiles,3,,UNITED STATES OF AME,3/13/2023
GTVEC,Graniti Vicentia,3,,UNITED STATES OF AME,3/13/2023
FRTDE,Fractured Earth,3,,UNITED STATES OF AME,3/13/2023
ITEC,Itec,3,,UNITED STATES OF AME,3/13/2023
CTM,Classic Tile & Mosaic,3,,UNITED STATES OF AME,3/13/2023
MST,M Stone and Tile,3,,UNITED STATES OF AME,3/13/2023
TSITY,Tile & Stone Of Italy,3,,UNITED STATES OF AME,3/13/2023
SIMA,Sima Ceramiche,3,,UNITED STATES OF AME,3/13/2023
MOSIT,Mosaico Italiano,3,,UNITED STATES OF AME,3/13/2023
NAMER,North American Adhesives,3,,UNITED STATES OF AME,3/13/2023
CTT,Ceramic Tile Trends,3,,UNITED STATES OF AME,3/13/2023
WRP,Western Rubber Products,3,,UNITED STATES OF AME,3/13/2023
PROFA,ProFab Technologies,3,,UNITED STATES OF AME,3/13/2023
PROIM,ProImpact Flooring,3,,UNITED STATES OF AME,3/13/2023
BONA,Bona,3,,UNITED STATES OF AME,3/13/2023
REDEX,Redexim,3,,UNITED STATES OF AME,3/13/2023
MAJCE,Majorca Ceramiche,3,,UNITED STATES OF AME,3/13/2023
BPI,BPI,3,,UNITED STATES OF AME,3/13/2023
IMPTS,Imperial Tile & Stone,3,,UNITED STATES OF AME,3/13/2023
GENSH,General Shale,3,,UNITED STATES OF AME,3/13/2023
APPI,Appiani,3,,UNITED STATES OF AME,3/13/2023
ANSP,Artisan Natural Stone Products,3,,UNITED STATES OF AME,3/13/2023
CBRST,CBR Stones,3,,UNITED STATES OF AME,3/13/2023
STMT,StoneMart,3,,UNITED STATES OF AME,3/13/2023
TRIBE,Tribecca Stone,3,,UNITED STATES OF AME,3/13/2023
FECER,Fire & Earth Ceramic,3,,UNITED STATES OF AME,3/13/2023
ECOCO,Eco By Cosentino,3,,UNITED STATES OF AME,3/13/2023
BELCI,Bella Citta,3,,UNITED STATES OF AME,3/13/2023
REFLG,Reflections In Glass Tile,3,,UNITED STATES OF AME,3/13/2023
SUBTI,Subway Tile,3,,UNITED STATES OF AME,3/13/2023
HARFL,Harbinger Flooring,3,,UNITED STATES OF AME,3/13/2023
REDTS,Redondo Tile & Stone,3,,UNITED STATES OF AME,3/13/2023
KODAN,Kodan,3,,UNITED STATES OF AME,3/13/2023
GRWDP,Green Wood Products Co.,3,,UNITED STATES OF AME,3/13/2023
SOLI,Soli USA,3,,UNITED STATES OF AME,3/13/2023
PFP,Premier Flooring Products,3,,UNITED STATES OF AME,3/13/2023
PGT,Pacific Golf & Turf,3,,UNITED STATES OF AME,3/13/2023
KROME,Kromer Co. LLC,3,,UNITED STATES OF AME,3/13/2023
STNMK,Stone Market,3,,UNITED STATES OF AME,3/13/2023
KTLO,Kate-Lo Tile & Stone,3,,UNITED STATES OF AME,3/13/2023
TTP,Tile Tech Pavers,3,,UNITED STATES OF AME,3/13/2023
FLRES,"Floor Essence, Inc",3,,UNITED STATES OF AME,3/13/2023
ENVI,en Vision,3,,UNITED STATES OF AME,3/13/2023
NEWRA,"New Ravenna, Inc",3,,UNITED STATES OF AME,3/13/2023
FS,Formulated Solutions LLC,3,,UNITED STATES OF AME,3/13/2023
MDLYS,Modulyss,3,,UNITED STATES OF AME,3/13/2023
WAGEL,Wagner Electronics Inc.,3,,UNITED STATES OF AME,3/13/2023
FITFL,Fitness Flooring,3,,UNITED STATES OF AME,3/13/2023
GRNDT,Granada Tile,3,,UNITED STATES OF AME,3/13/2023
PTS,Pyramids Tile & Stone,3,,UNITED STATES OF AME,3/13/2023
FLSPF,Full Spectrum Flooring Technology,3,,UNITED STATES OF AME,3/13/2023
DWLT,DeWalt,3,,UNITED STATES OF AME,3/13/2023
MTCO,Mosaic Tile Co.,3,,UNITED STATES OF AME,3/13/2023
ELYS,Elysium,3,,UNITED STATES OF AME,3/13/2023
SPED,SportsEdge,3,,UNITED STATES OF AME,3/13/2023
AVION,Avion Commercial Flooring,3,,UNITED STATES OF AME,3/13/2023
LUMLI,Lumber Liquidators,3,,UNITED STATES OF AME,3/13/2023
CCST,Cedar Creek Stone,3,,UNITED STATES OF AME,3/13/2023
TLSHP,Tile Shop,3,,UNITED STATES OF AME,3/13/2023
WCRR,West Coast Rubber Recycling,3,,UNITED STATES OF AME,3/13/2023
FORLA,Forever Lawn,3,,UNITED STATES OF AME,3/13/2023
MNLNC,Mainline Carpet,3,,UNITED STATES OF AME,3/13/2023
AET,Alyse Edwards Tile,3,,UNITED STATES OF AME,3/13/2023
BELST,Belstone,3,,UNITED STATES OF AME,3/13/2023
IRUSA,Iris USA,3,,UNITED STATES OF AME,3/13/2023
JENBR,Jenkins Brick,3,,UNITED STATES OF AME,3/13/2023
STST,StaticStop,3,,UNITED STATES OF AME,3/13/2023
SURFT,Sure-Foot,3,,UNITED STATES OF AME,3/13/2023
AMFLM,American Floor Mats,3,,UNITED STATES OF AME,3/13/2023
AAE,Aluminum Athletic Equipment Co,3,,UNITED STATES OF AME,3/13/2023
BCF,Blueprint Commercial Flooring,3,,UNITED STATES OF AME,3/13/2023
MCNIC,McNichols Co.,3,,UNITED STATES OF AME,3/13/2023
NDV,Nelis' Dutch Village,3,,UNITED STATES OF AME,3/13/2023
STIL,Synthetic Turf Of Illinois,3,,UNITED STATES OF AME,3/13/2023
SDINC,Stone Decor Inc,3,,UNITED STATES OF AME,3/13/2023
ACFEN,ACF Environmental,3,,UNITED STATES OF AME,3/13/2023
TISI,"Textile & Industrial Sales, Inc",3,,UNITED STATES OF AME,3/13/2023
STLD,Stoneland,3,,UNITED STATES OF AME,3/13/2023
GLNRK,"Glenrock Distributing, LLC",3,,UNITED STATES OF AME,3/13/2023
2TEC2,2tec2,3,,UNITED STATES OF AME,3/13/2023
CZAR,Czar Floors,3,,UNITED STATES OF AME,3/13/2023
AMTL,Ameritile,3,,UNITED STATES OF AME,3/13/2023
FLTFL,Fluent Floors,3,,UNITED STATES OF AME,3/13/2023
GRESP,Grespania,3,,UNITED STATES OF AME,3/13/2023
SCHNX,Schonox,3,,UNITED STATES OF AME,3/13/2023
ELEVA,Elevations,3,,UNITED STATES OF AME,3/13/2023
TKRN,"Takiron Co., LTD",3,,UNITED STATES OF AME,3/13/2023
TAS,T & A Supply,3,,UNITED STATES OF AME,3/13/2023
BSP,Benetti Stone Philosphy,3,,UNITED STATES OF AME,3/13/2023
CTCO,Concord Terrazzo Co.,3,,UNITED STATES OF AME,3/13/2023
MUTNA,Mutina,3,,UNITED STATES OF AME,3/13/2023
RMF,Rocky's Machining & Fabrication,3,,UNITED STATES OF AME,3/13/2023
CEGI,CEGI,3,,UNITED STATES OF AME,3/13/2023
TIPIN,Tip Inc.,3,,UNITED STATES OF AME,3/13/2023
TFPLK,TuffPlank,3,,UNITED STATES OF AME,3/13/2023
MIDAM,Mid America Tile,3,,UNITED STATES OF AME,3/13/2023
AVANT,Avant,3,,UNITED STATES OF AME,3/13/2023
OPUST,Opustone,3,,UNITED STATES OF AME,3/13/2023
ACPC,AC Products Co.,3,,UNITED STATES OF AME,3/13/2023
VBS,Vintage Brick Salvage LLC,3,,UNITED STATES OF AME,3/13/2023
HLMKF,Hallmark Floors,3,,UNITED STATES OF AME,3/13/2023
DRMWE,DreamWeaver,3,,UNITED STATES OF AME,3/13/2023
ECLPR,Eclectic Products,3,,UNITED STATES OF AME,3/13/2023
SHWM,Sherwin-Williams,3,,UNITED STATES OF AME,3/13/2023
BRMTX,Burmatex,3,,UNITED STATES OF AME,3/13/2023
CLTLS,Cool Tiles,3,,UNITED STATES OF AME,3/13/2023
MDCRA,ModCraft,3,,UNITED STATES OF AME,3/13/2023
IMPWH,Imperial Wholesale,3,,UNITED STATES OF AME,3/13/2023
DEXIN,Dex Industries,3,,UNITED STATES OF AME,3/13/2023
MCNEA,McNear Brick & Block,3,,UNITED STATES OF AME,3/13/2023
FLZFT,Filzfelt,3,,UNITED STATES OF AME,3/13/2023
GSTIL,Garden State Tile,3,,UNITED STATES OF AME,3/13/2023
DUDK,Duradek,3,,UNITED STATES OF AME,3/13/2023
SPDCV,Speed Cove,3,,UNITED STATES OF AME,3/13/2023
EXPER,Experius,3,,UNITED STATES OF AME,3/13/2023
EDGRS,EdilGres,3,,UNITED STATES OF AME,3/13/2023
SAMSG,Samsung,3,,UNITED STATES OF AME,3/13/2023
STNZA,Stanza,3,,UNITED STATES OF AME,3/13/2023
MATRE,Matrexx,3,,UNITED STATES OF AME,3/13/2023
MARTR,Marble Trend,3,,UNITED STATES OF AME,3/13/2023
CLYBR,Claybrook Interiors,3,,UNITED STATES OF AME,3/13/2023
SYNLK,SynLok Adhesives,3,,UNITED STATES OF AME,3/13/2023
SUMFS,Summitt Forest,3,,UNITED STATES OF AME,3/13/2023
BELIT,Bell'Italia Tiles,3,,UNITED STATES OF AME,3/13/2023
TRMC,Tremco,3,,UNITED STATES OF AME,3/13/2023
HBRC,Hebron Brick Company,3,,UNITED STATES OF AME,3/13/2023
UNCA,Unica,3,,UNITED STATES OF AME,3/13/2023
COEM,Coem,3,,UNITED STATES OF AME,3/13/2023
CST,Central States Tile,3,,UNITED STATES OF AME,3/13/2023
CONLC,Concrete LCDA,3,,UNITED STATES OF AME,3/13/2023
PLSF,Playing Surface Solutions,3,,UNITED STATES OF AME,3/13/2023
EFCON,EF Contract,3,,UNITED STATES OF AME,3/13/2023
REDL,RedLand Brick Company,3,,UNITED STATES OF AME,3/13/2023
CURFL,Curran Floor,3,,UNITED STATES OF AME,3/13/2023
INTER,Interstate Brick,3,,UNITED STATES OF AME,3/13/2023
SNPCK,Sunbelt Packaging LLC,3,,UNITED STATES OF AME,3/13/2023
PARKF,Parkay Floors,3,,UNITED STATES OF AME,3/13/2023
ROSEB,RsBrd,3,,UNITED STATES OF AME,3/13/2023
BEAU2,Beau Flor,3,,UNITED STATES OF AME,3/13/2023
NAR,Natural Area Rugs,3,,UNITED STATES OF AME,3/13/2023
HERO,Hero Flooring,3,,UNITED STATES OF AME,3/13/2023
VALCO,Valencia Coverings,3,,UNITED STATES OF AME,3/13/2023
ANDTU,Anderson Tuftex,3,,UNITED STATES OF AME,3/13/2023
COMAT,Comatico Tiles,3,,UNITED STATES OF AME,3/13/2023
RSEB,Rose Brand,3,,UNITED STATES OF AME,3/13/2023
DECT,DecorTiles,3,,UNITED STATES OF AME,3/13/2023
AGGT,AggloTech,3,,UNITED STATES OF AME,3/13/2023
SAK,Sakrete,3,,UNITED STATES OF AME,3/13/2023
A&L,A&L Plastics Co Inc,3,,UNITED STATES OF AME,3/13/2023
ACUFL,Acufloor,3,,UNITED STATES OF AME,3/13/2023
AMRC,Americo,3,,UNITED STATES OF AME,3/13/2023
ASM,ASM,3,,UNITED STATES OF AME,3/13/2023
CLFS,ColorFast Ind. Inc.,3,,UNITED STATES OF AME,3/13/2023
DRTC,DuraTech Ind.,3,,UNITED STATES OF AME,3/13/2023
FSTNL,Fastenal,3,,UNITED STATES OF AME,3/13/2023
GRAIN,Grainger,3,,UNITED STATES OF AME,3/13/2023
GNDLC,Gundlach,3,,UNITED STATES OF AME,3/13/2023
JNDCO,Jendco,3,,UNITED STATES OF AME,3/13/2023
JNDN,Jon-Don,3,,UNITED STATES OF AME,3/13/2023
NBL,Noble Company,3,,UNITED STATES OF AME,3/13/2023
PTCA,Protect-All,3,,UNITED STATES OF AME,3/13/2023
HBFL,H B Fuller,3,,UNITED STATES OF AME,3/13/2023
ESS,Engineered Sportfield Solutions,3,,UNITED STATES OF AME,3/13/2023
S&M,Stones & More USA Inc.,3,,UNITED STATES OF AME,3/13/2023
NYST,New York Stone LLC,3,,UNITED STATES OF AME,3/13/2023
RRP,Reclaimed Rubber & Plastics Inc.,3,,UNITED STATES OF AME,3/13/2023
PORGR,Porcelaingres,3,,UNITED STATES OF AME,3/13/2023
VNTI,Vaughn Tile,3,,UNITED STATES OF AME,3/13/2023
NOGA,Noga Tiles,3,,UNITED STATES OF AME,3/13/2023
ROTHA,Royal Thai,3,,UNITED STATES OF AME,3/13/2023
VANBE,Van Besouw,3,,UNITED STATES OF AME,3/13/2023
CTD,Commercial Tile Design,3,,UNITED STATES OF AME,3/13/2023
CWD,Contract Wholesale Distributors,3,,UNITED STATES OF AME,3/13/2023
TRTFA,Tretford Americas,3,,UNITED STATES OF AME,3/13/2023
HNKL,Henkel,3,,UNITED STATES OF AME,3/13/2023
DYCM,Dycem Technologies,3,,UNITED STATES OF AME,3/13/2023
ECOG,"Eco-Grip, Inc. (Allied)",3,,UNITED STATES OF AME,3/13/2023
LATAC,Latin Accents,3,,UNITED STATES OF AME,3/13/2023
ANTTI,Ant Tile,3,,UNITED STATES OF AME,3/13/2023
GRABO,Graboplast,3,,UNITED STATES OF AME,3/13/2023
TIGRE,Tigressa,3,,UNITED STATES OF AME,3/13/2023
PRSC,Prosoco,3,,UNITED STATES OF AME,3/13/2023
CVMST,Covermaster Inc.,3,,UNITED STATES OF AME,3/13/2023
CSTTI,"Coastal Tile, LLC",3,,UNITED STATES OF AME,3/13/2023
MNRL,Mineral Tile,3,,UNITED STATES OF AME,3/13/2023
SUPPS,Superior Perfomance Surfacing,3,,UNITED STATES OF AME,3/13/2023
SYDGT,Sydney Glasstiles,3,,UNITED STATES OF AME,3/13/2023
LUDRF,Ludowici Roof Tile,3,,UNITED STATES OF AME,3/13/2023
TABA,Tabarka Studio,3,,UNITED STATES OF AME,3/13/2023
AMGM,American Glass Mosaics,3,,UNITED STATES OF AME,3/13/2023
PRIVT,Privado Tile,3,,UNITED STATES OF AME,3/13/2023
QUST,Questech,3,,UNITED STATES OF AME,3/13/2023
MOCPT,Moooi Cpt,3,,UNITED STATES OF AME,3/13/2023
MARI,Maricera,3,,UNITED STATES OF AME,3/13/2023
PRSMC,Prissmacer,3,,UNITED STATES OF AME,3/13/2023
MRLA,Mirrella,3,,UNITED STATES OF AME,3/13/2023
ONXF,"Onyx France, Inc.",3,,UNITED STATES OF AME,3/13/2023
SATRI,Sartoria Design,3,,UNITED STATES OF AME,3/13/2023
SRGSV,Sergio Savino,3,,UNITED STATES OF AME,3/13/2023
MSIS,MSI Surfaces,3,,UNITED STATES OF AME,3/13/2023
RIOFS,Rio Flooring Systems,3,,UNITED STATES OF AME,3/13/2023
CSABC,Casa Bianca,3,,UNITED STATES OF AME,3/13/2023
CLAHS,Clayhause Tile,3,,UNITED STATES OF AME,3/13/2023
ENCRH,Encore Hospitality Carpet,3,,UNITED STATES OF AME,3/13/2023
RBRFL,Rubber Floors and More,3,,UNITED STATES OF AME,3/13/2023
TRTFD,Tretford,3,,UNITED STATES OF AME,3/13/2023
ADSI,Adessi,3,,UNITED STATES OF AME,3/13/2023
NVEL,Nuvelle,3,,UNITED STATES OF AME,3/13/2023
DIVER,Diversey,3,,UNITED STATES OF AME,3/13/2023
RESP,Responsive Ind,3,,UNITED STATES OF AME,3/13/2023
FLOOR,FLOOR Acoustic,3,,UNITED STATES OF AME,3/13/2023
STG,Specialty Textile Group,3,,UNITED STATES OF AME,3/13/2023
ABCST,ABC Stone,3,,UNITED STATES OF AME,3/13/2023
FOSS,Foss Floors,3,,UNITED STATES OF AME,3/13/2023
TFD,Turf Factory Direct,3,,UNITED STATES OF AME,3/13/2023
DECCO,Decorative Concepts,3,,UNITED STATES OF AME,3/13/2023
STNGT,StoneGate,3,,UNITED STATES OF AME,3/13/2023
BAS,BAS Stone NYC,3,,UNITED STATES OF AME,3/13/2023
PROF,ProForm Entry Matting Systems,3,,UNITED STATES OF AME,3/13/2023
AMCRK,Amorim Cork Composites,3,,UNITED STATES OF AME,3/13/2023
AVAMG,AVAMRGE,3,,UNITED STATES OF AME,3/13/2023
GRT,GRT Genesis,3,,UNITED STATES OF AME,3/13/2023
DURAS,Dura Sports Floors,3,,UNITED STATES OF AME,3/13/2023
HARVM,Harvey Maria,3,,UNITED STATES OF AME,3/13/2023
HRG,Heralgi,3,,UNITED STATES OF AME,3/13/2023
SURCR,SureCrete Design Products,3,,UNITED STATES OF AME,3/13/2023
SHGR,Shaw Grass,3,,UNITED STATES OF AME,3/13/2023
LLF,LL Flooring,3,,UNITED STATES OF AME,3/13/2023
CRUSA,Construction Resources USA,3,,UNITED STATES OF AME,3/13/2023
INTMX,InterMatex,3,,UNITED STATES OF AME,3/13/2023
PURPT,PurParket Inc.,3,,UNITED STATES OF AME,3/13/2023
PID,PID Floors,3,,UNITED STATES OF AME,3/13/2023
DXGRP,The Dixie Group,3,,UNITED STATES OF AME,3/13/2023
APT,Alpha Professional Tools,3,,UNITED STATES OF AME,3/13/2023
JAI,Jaipur Living,3,,UNITED STATES OF AME,3/13/2023
LIV,Livden Designs,3,,UNITED STATES OF AME,3/13/2023
SIM,Siminetti,3,,UNITED STATES OF AME,3/13/2023
TCHTL,Touch Tile,3,,UNITED STATES OF AME,3/13/2023
ECF,Eagle Creek Floors,3,,UNITED STATES OF AME,3/13/2023
OHIOM,Ohio Made LLC,3,,UNITED STATES OF AME,3/13/2023
ACPT,Atlantic Coast Precast,3,,UNITED STATES OF AME,3/13/2023
S 5&M,Shaw 5th & Main,3,,UNITED STATES OF AME,3/13/2023
QUIN,Quin Global,3,,UNITED STATES OF AME,3/13/2023
DWYER,Dwyer Marble and Stone,3,,UNITED STATES OF AME,3/13/2023
CVB,CasaVitaBella Artisan Tile,3,,UNITED STATES OF AME,3/13/2023
CSPTS,California Sports Surfaces,3,,UNITED STATES OF AME,3/13/2023
CBCO,Columbus Brick Company,3,,UNITED STATES OF AME,3/13/2023
CCS,Cloud Ceramics,3,,UNITED STATES OF AME,3/13/2023
PROPU,Pro Putt Systems,3,,UNITED STATES OF AME,3/13/2023
ROOKW,Rookwood Pottery,3,,UNITED STATES OF AME,3/13/2023
MAXX,MAXX Floors by DAVATI,3,,UNITED STATES OF AME,3/13/2023
RESL,Resolve Rigid Core Flooring,3,,UNITED STATES OF AME,3/13/2023
WTRJT,Waterjets Works,3,,UNITED STATES OF AME,3/13/2023
DUOF,Duo-Fast Floor Fastening Systems,3,,UNITED STATES OF AME,3/13/2023
WRM,W.R. Meadows,3,,UNITED STATES OF AME,3/13/2023
VERSA,Versatrim,3,,UNITED STATES OF AME,3/13/2023
OASIS,Oasis Tile,3,,UNITED STATES OF AME,3/13/2023
LITHO,Lithos Design,3,,UNITED STATES OF AME,3/13/2023
MJSTN,Majestic Stone & Landscape,3,,UNITED STATES OF AME,3/13/2023
AWP,American Wonder Porcelain,3,,UNITED STATES OF AME,3/13/2023
DIV,Divergent Adhesives,3,,UNITED STATES OF AME,3/13/2023
LIVC,Living Ceramics,3,,UNITED STATES OF AME,3/13/2023
CORT,COREtec,3,,UNITED STATES OF AME,3/13/2023
SMKT,Smink Things,3,,UNITED STATES OF AME,3/13/2023
RYLTB,Royal Thin Brick,3,,UNITED STATES OF AME,3/13/2023
NATLP,National Pool Tile,3,,UNITED STATES OF AME,3/13/2023
MSCHS,Mosaic House,3,,UNITED STATES OF AME,3/13/2023
WAKEI,WA-KEI,3,,UNITED STATES OF AME,3/13/2023
SEBLO,Selitbloc,3,,UNITED STATES OF AME,3/13/2023
DUR,Durato USA,3,,UNITED STATES OF AME,3/13/2023
PWL,Precision Waterjet & Laser,3,,UNITED STATES OF AME,3/13/2023
TERZO,Terrazzio,3,,UNITED STATES OF AME,3/13/2023
SKYL,Skyline Wallcovering,3,,UNITED STATES OF AME,3/13/2023
SHPS,Shaw Property Solutions,3,,UNITED STATES OF AME,3/13/2023
COMMF,Commercial Floors,3,,UNITED STATES OF AME,3/13/2023
MEDT,Mediterra Tile,3,,UNITED STATES OF AME,3/13/2023
NEWA,New Age Industrial,3,,UNITED STATES OF AME,3/13/2023
TCOVW,The Coveworks Inc.,3,,UNITED STATES OF AME,3/13/2023
CATP,Catalina Products International,3,,UNITED STATES OF AME,3/13/2023
MKTPL,Market Place Floors,3,,UNITED STATES OF AME,3/13/2023
THD,Trinity Hardwood Distributors,3,,UNITED STATES OF AME,3/13/2023
AMCLA,Am-Clad Ltd,3,,UNITED STATES OF AME,3/13/2023
HOMR,Hominter,3,,UNITED STATES OF AME,3/13/2023
FUZN,Fuzion Flooring,3,,UNITED STATES OF AME,3/13/2023
MROCK,M-Rock,3,,UNITED STATES OF AME,3/13/2023
ZBRIK,Z-Brick,3,,UNITED STATES OF AME,3/13/2023
POPD,Popham Design,3,,UNITED STATES OF AME,3/13/2023
ENDK,Endless Knot,3,,UNITED STATES OF AME,3/13/2023
CINCA,Cinca,3,,UNITED STATES OF AME,3/13/2023
KPGD,Karen Pearse Global Direct,3,,UNITED STATES OF AME,3/13/2023
OBC,Our Block Co.,3,,UNITED STATES OF AME,3/13/2023
S360,Surfaces 360,3,,UNITED STATES OF AME,3/13/2023
S3602,Surfaces 360,3,,UNITED STATES OF AME,3/13/2023
ELM,ELM Surfaces,3,,UNITED STATES OF AME,3/13/2023
BEY,Beynon,3,,UNITED STATES OF AME,3/13/2023
STASC,Stairtec SC,3,,UNITED STATES OF AME,3/13/2023
SST,Stanley Stephens Co.,3,,UNITED STATES OF AME,3/13/2023
RFHRY,Robert F. Henry Tile Company,3,,UNITED STATES OF AME,3/13/2023
ADLE,Adleta Corporation,3,,UNITED STATES OF AME,3/13/2023
OLDEC,Oldcastle APG/Echelon,3,,UNITED STATES OF AME,3/13/2023
NSR,Natural Stone Resources,3,,UNITED STATES OF AME,3/13/2023
F&M,Feri & Masi,3,,UNITED STATES OF AME,3/13/2023
PAVGR,Pavigres Grupo,3,,UNITED STATES OF AME,3/13/2023
CLAYI,Clay Imports,3,,UNITED STATES OF AME,3/13/2023
GRDCO,Ground Controls Surfaces,3,,UNITED STATES OF AME,3/13/2023
KONI,Koni Materials,3,,UNITED STATES OF AME,3/13/2023
GBT,GB Tile Collections,3,,UNITED STATES OF AME,3/13/2023
PIXL,PIXL Tile,3,,UNITED STATES OF AME,3/13/2023
PRETG,Prestige Tile and Stone,3,,UNITED STATES OF AME,3/13/2023
ME,Marble Express,3,,UNITED STATES OF AME,3/13/2023
NSV,Natural Stone Veener,3,,UNITED STATES OF AME,3/13/2023
F+C,Fred + Cathy,3,,UNITED STATES OF AME,3/13/2023
QUINT,Quintessenza Ceramiche,3,,UNITED STATES OF AME,3/13/2023
QTZFO,Quartzforms,3,,UNITED STATES OF AME,3/13/2023
MATRZ,MatrixZ,3,,UNITED STATES OF AME,3/13/2023
ECOVT,Ecovert Flooring Collection,3,,UNITED STATES OF AME,3/13/2023
SYNTE,Syntec Industries,3,,UNITED STATES OF AME,3/13/2023
RIVTF,Riviera Turf,3,,UNITED STATES OF AME,3/13/2023
BARC,Barcelo,3,,UNITED STATES OF AME,3/13/2023
ALLSO,All South Flooring,3,,UNITED STATES OF AME,3/13/2023
MODND,Modern Nature Design,3,,UNITED STATES OF AME,3/13/2023
HARST,Harristone,3,,UNITED STATES OF AME,3/13/2023
MROLA,Merola Tile,3,,UNITED STATES OF AME,3/13/2023
NTRFL,Nature's Reflections,3,,UNITED STATES OF AME,3/13/2023
ESG,ESG Gallery,3,,UNITED STATES OF AME,3/13/2023
PRCR,ProCore,3,,UNITED STATES OF AME,3/13/2023
TRUP,True Porcelain Co.,3,,UNITED STATES OF AME,3/13/2023
ARCHS,Architectural Surfaces,3,,UNITED STATES OF AME,3/13/2023
GTZNR,Getzner,3,,UNITED STATES OF AME,3/13/2023
REVFL,Revere Flooring,3,,UNITED STATES OF AME,3/13/2023
AMFLR,American Floor Covering Center,3,,UNITED STATES OF AME,3/13/2023
PALMB,Palmetto Brick,3,,UNITED STATES OF AME,3/13/2023
SABH,Sabine Hill,3,,UNITED STATES OF AME,3/13/2023
REVOM,Revolution Mills,3,,UNITED STATES OF AME,3/13/2023
BERIN,Bering Floors & Coverings,3,,UNITED STATES OF AME,3/13/2023
MRVLA,Maravilla,3,,UNITED STATES OF AME,3/13/2023
ARGC,Argenta Ceramica,3,,UNITED STATES OF AME,3/13/2023
4URFL,4urFloor,3,,UNITED STATES OF AME,3/13/2023
LEVAT,Levantina Natural Stone Company,3,,UNITED STATES OF AME,3/13/2023
BRIKI,"Bricks, Inc.",3,,UNITED STATES OF AME,3/13/2023
DAVIS,Davis Stone Inc.,3,,UNITED STATES OF AME,3/13/2023
BRKAT,Brick Atlanta,3,,UNITED STATES OF AME,3/13/2023
KUBER,Kuberit USA,3,,UNITED STATES OF AME,3/13/2023
FLRWS,Floor and Wall Solutions,3,,UNITED STATES OF AME,3/13/2023
MOND,Mondani Collection,3,,UNITED STATES OF AME,3/13/2023
CERBA,Ceramica Bardelli,3,,UNITED STATES OF AME,3/13/2023
CSTNO,Cosentino,3,,UNITED STATES OF AME,3/13/2023
AHFC,AHF Contract,3,,UNITED STATES OF AME,3/13/2023
AVA,AVA,3,,UNITED STATES OF AME,3/13/2023
NTHN,Northern Wide Plank,3,,UNITED STATES OF AME,3/13/2023
TCART,Tec-Arte,3,,UNITED STATES OF AME,3/13/2023
TRNSU,Trendy Surfaces,3,,UNITED STATES OF AME,3/13/2023
CTYW,CityWide,3,,UNITED STATES OF AME,3/13/2023
GLRMO,Glamour Mosaics,3,,UNITED STATES OF AME,3/13/2023
ENVIR,Envirolite Specialty Foam Products,3,,UNITED STATES OF AME,3/13/2023
URCOT,Urban Coast Tile,3,,UNITED STATES OF AME,3/13/2023
NORHL,Norwood Hill Flooroing,3,,UNITED STATES OF AME,3/13/2023
MOZK,Mozaik Flooring & Surface,3,,UNITED STATES OF AME,3/13/2023
GABRA,Gabriella,3,,UNITED STATES OF AME,3/13/2023
KFRUS,Kiefer USA,3,,UNITED STATES OF AME,3/13/2023
TONAL,Tonalite,3,,UNITED STATES OF AME,3/13/2023
AXIS,Axiscor Performance Flooring,3,,UNITED STATES OF AME,3/13/2023
LUCID,Lucida Surfaces,3,,UNITED STATES OF AME,3/13/2023
IBIZA,Ibiza,3,,UNITED STATES OF AME,3/13/2023
TILEZ,Tilezz,3,,UNITED STATES OF AME,3/13/2023
DIALV,DiamondLiving,3,,UNITED STATES OF AME,3/13/2023
MDRA,Madera,3,,UNITED STATES OF AME,3/13/2023
TIHU,TileHub,3,,UNITED STATES OF AME,3/13/2023
PROFT,Profilitec,3,,UNITED STATES OF AME,3/13/2023
TRASS,Trassig,3,,UNITED STATES OF AME,3/13/2023
MI&WO,Mill & Woods,3,,UNITED STATES OF AME,3/13/2023
CLRQT,Colorquartz,3,,UNITED STATES OF AME,3/13/2023
ALLST,Allstone,3,,UNITED STATES OF AME,3/13/2023
UTM,Universal Tile and Marble,3,,UNITED STATES OF AME,3/13/2023
QDIS,QDI Surfaces,3,,UNITED STATES OF AME,3/13/2023
PRCM,Porcemall,3,,UNITED STATES OF AME,3/13/2023
HNBRK,Henry Brick,3,,UNITED STATES OF AME,3/13/2023
PTNT,Pietra Naturale,3,,UNITED STATES OF AME,3/13/2023
PWRL,Powerline Imports,3,,UNITED STATES OF AME,3/13/2023
EWC&A,East West Ceramics & Architectural,3,,UNITED STATES OF AME,3/13/2023
AOBC,AOBContract,3,,UNITED STATES OF AME,3/13/2023
PROVI,ProVia LLC,3,,UNITED STATES OF AME,3/13/2023
GT360,Grout360,3,,UNITED STATES OF AME,3/13/2023
DYSTN,Dynamic Stone,3,,UNITED STATES OF AME,3/13/2023
RFLP,Rubber Flooring Plus,3,,UNITED STATES OF AME,3/13/2023
HASM,Haussmann Natural Stone,3,,UNITED STATES OF AME,3/13/2023
REC,REC Surfaces,3,,UNITED STATES OF AME,3/13/2023
ARCHI,Architessa,3,,UNITED STATES OF AME,3/13/2023
RST,Ruben Sorghegui Tile,3,,UNITED STATES OF AME,3/13/2023
EVO,Evo Floors,3,,UNITED STATES OF AME,3/13/2023
DVLS,Davalos Co.,3,,UNITED STATES OF AME,3/13/2023
MUSMA,Musalla Masjid Carpets,3,,UNITED STATES OF AME,3/13/2023
MTO,Mosaic Tile Outlet,3,,UNITED STATES OF AME,3/13/2023
H&ES,H&E Smith,3,,UNITED STATES OF AME,3/13/2023
INVC,Invictus,3,,UNITED STATES OF AME,3/13/2023
EROKR,Euroker,3,,UNITED STATES OF AME,3/13/2023
C,Continental Brick Company,3,,UNITED STATES OF AME,3/13/2023
EMSC,Endless Mountain Stone Company,3,,UNITED STATES OF AME,3/13/2023
SNGR,San Giorgio,3,,UNITED STATES OF AME,3/13/2023
BLSN,Balsan,3,,UNITED STATES OF AME,3/13/2023
GMC,GemCore,3,,UNITED STATES OF AME,3/13/2023
CSCRM,Casa Ceramica,3,,UNITED STATES OF AME,3/13/2023
PRTAM,Portobello America,3,,UNITED STATES OF AME,3/13/2023
HSTL,Haustile,3,,UNITED STATES OF AME,3/13/2023
SACCO,Sacco,3,,UNITED STATES OF AME,3/13/2023
ONFLR,OnFlooring,3,,UNITED STATES OF AME,3/13/2023
CSTBS,Castle Bespoke,3,,UNITED STATES OF AME,3/13/2023
SANS,S.Anselmo,3,,UNITED STATES OF AME,3/13/2023
STUS,Studio S,3,,UNITED STATES OF AME,3/13/2023
INDOD,Indoteak Design,3,,UNITED STATES OF AME,3/13/2023
AUDLN,Audrey Lane,3,,UNITED STATES OF AME,3/13/2023
ITALT,Italian Tile NYC,3,,UNITED STATES OF AME,3/13/2023
CIRC,Cir Ceramiche,3,,UNITED STATES OF AME,3/13/2023
APHLN,Aphelion Collection,3,,UNITED STATES OF AME,3/13/2023
VIVAL,Vivaldi Lifestyles,3,,UNITED STATES OF AME,3/13/2023
HARCT,Harcourt Collection,3,,UNITED STATES OF AME,3/13/2023
STNLN,Stoneline Group,3,,UNITED STATES OF AME,3/13/2023
DLCCH,DL Couch,3,,UNITED STATES OF AME,3/13/2023
KTH,KTH Architects,3,,UNITED STATES OF AME,3/13/2023
NYMCO,New York Mosaic Company,3,,UNITED STATES OF AME,3/13/2023
CIFC,Cifre Ceramica,3,,UNITED STATES OF AME,3/13/2023
TERAZ,Terrazza,3,,UNITED STATES OF AME,3/13/2023
VOX,VoxFloor,3,,UNITED STATES OF AME,3/13/2023
MOSQ,Mosaique Surface,3,,UNITED STATES OF AME,3/13/2023
NOVUS,Novus Floors,3,,UNITED STATES OF AME,3/13/2023
ARIST,Aristech Surfaces,3,,UNITED STATES OF AME,3/13/2023
GARRC,Garrison Collection,3,,UNITED STATES OF AME,3/13/2023
SUPRS,Superior Stone Products,3,,UNITED STATES OF AME,3/13/2023
ICP,ICP,3,,UNITED STATES OF AME,3/13/2023
MSC,"Monarch Stone Company, Inc.",3,,UNITED STATES OF AME,3/13/2023
TXTRA,Texas Traditions,3,,UNITED STATES OF AME,3/13/2023
LILI,LiLi Cement Tiles,3,,UNITED STATES OF AME,3/13/2023
MS&M,Mosaic Solutions & More,3,,UNITED STATES OF AME,3/13/2023
FTRA,Futura,3,,UNITED STATES OF AME,3/13/2023
BCA,BCA Hospitality,3,,UNITED STATES OF AME,3/13/2023
NEWTE,New Terracotta,3,,UNITED STATES OF AME,3/13/2023
SSG,Signature Systems Group,3,,UNITED STATES OF AME,3/13/2023
TNEME,TNEMEC,3,,UNITED STATES OF AME,3/13/2023
ORWVR,Oriental Weaver,3,,UNITED STATES OF AME,3/13/2023
NOX,NOX Corp.,3,,UNITED STATES OF AME,3/13/2023
SHIEL,Shield Industries,3,,UNITED STATES OF AME,3/13/2023
ANTH,Anthology Tile,3,,UNITED STATES OF AME,3/13/2023
ATHTX,Athletic Textiles,3,,UNITED STATES OF AME,3/13/2023
MILES,Milestone,3,,UNITED STATES OF AME,3/13/2023
JERA,Jer-And,3,,UNITED STATES OF AME,3/13/2023
METBR,MetroBrick,3,,UNITED STATES OF AME,3/13/2023
BFT,Brick Floor Tile,3,,UNITED STATES OF AME,3/13/2023
TLSDS,Timeless Design,3,,UNITED STATES OF AME,3/13/2023
NEO,Neolith,3,,UNITED STATES OF AME,3/13/2023
LITZ,Lititz Flooring Company,3,,UNITED STATES OF AME,3/13/2023
FLRET,Flooret,3,,UNITED STATES OF AME,3/13/2023
MOMT,Momentum,3,,UNITED STATES OF AME,3/13/2023
VENPR,Venosa Precast Terrazzo,3,,UNITED STATES OF AME,3/13/2023
AMTM,American TileMakers,3,,UNITED STATES OF AME,3/13/2023
ELON,Elon Tile & Stone,3,,UNITED STATES OF AME,3/13/2023
INWOP,Infinity Woven Products,3,,UNITED STATES OF AME,3/13/2023
ASP,Aspecta,3,,UNITED STATES OF AME,3/13/2023
MINMB,Mincey Marble,3,,UNITED STATES OF AME,3/13/2023
ZIA,Zia Tile,3,,UNITED STATES OF AME,3/13/2023
EDNST,Eden Stone,3,,UNITED STATES OF AME,3/13/2023
SPYBK,Spinneybeck,3,,UNITED STATES OF AME,3/13/2023
TMAMI,Tamiami,3,,UNITED STATES OF AME,3/13/2023
SUPRC,Superior Clay Corp.,3,,UNITED STATES OF AME,3/13/2023
CDJAC,Craven Dunnill Jackfield,3,,UNITED STATES OF AME,3/13/2023
ROMAN,Roman Decorating Products,3,,UNITED STATES OF AME,3/13/2023
TRSRF,Trinity Surfaces,3,,UNITED STATES OF AME,3/13/2023
FRMFT,FirmFit,3,,UNITED STATES OF AME,3/13/2023
GAZI,Gazzini Ceramica,3,,UNITED STATES OF AME,3/13/2023
TIBY,TilesBay,3,,UNITED STATES OF AME,3/13/2023
AMPLS,Ameripolish,3,,UNITED STATES OF AME,3/13/2023
EGGR,Egger,3,,UNITED STATES OF AME,3/13/2023
SAICE,Saime Ceramiche,3,,UNITED STATES OF AME,3/13/2023
CTI,Ceramic Tile International,3,,UNITED STATES OF AME,3/13/2023
NUFL,NuFlors,3,,UNITED STATES OF AME,3/13/2023
TENGR,TensorGrip,3,,UNITED STATES OF AME,3/13/2023
ORNAM,Ornamenta,3,,UNITED STATES OF AME,3/13/2023
KIST,Kismet Tie & Surface,3,,UNITED STATES OF AME,3/13/2023
RIVIT,Riviera Tileworks,3,,UNITED STATES OF AME,3/13/2023
ADARA,Adara Limited,3,,UNITED STATES OF AME,3/13/2023
QUALI,Qualis Ceramica,3,,UNITED STATES OF AME,3/13/2023
PECOR,Pecora Corporation,3,,UNITED STATES OF AME,3/13/2023
PROMA,Promaxima,3,,UNITED STATES OF AME,3/13/2023
NATLS,Natural Stone LLC,3,,UNITED STATES OF AME,3/13/2023
SYNL,SynLawn,3,,UNITED STATES OF AME,3/13/2023
APHE,Aphelion Collection,3,,UNITED STATES OF AME,3/13/2023
RRM,Rachel Rodi Mosaics,3,,UNITED STATES OF AME,3/13/2023
A&P,A&P,3,,UNITED STATES OF AME,3/13/2023
ALTU,Altura Stone and Tile,3,,UNITED STATES OF AME,3/13/2023
ACME,Acme Brick,3,,UNITED STATES OF AME,3/13/2023
SYNTU,Synthetic Turf International,3,,UNITED STATES OF AME,3/13/2023
EUROC,EuroCork Wall Design,3,,UNITED STATES OF AME,3/13/2023
RUST,Rustico Tile & Stone,3,,UNITED STATES OF AME,3/13/2023
NRFS,National Retail Flooring Services,3,,UNITED STATES OF AME,3/13/2023
METMC,Metzger/McGuire,3,,UNITED STATES OF AME,3/13/2023
STCNT,Stone Center,3,,UNITED STATES OF AME,3/13/2023
XLFL,XL Flooring,3,,UNITED STATES OF AME,3/13/2023
RPS,RPS Distributors,3,,UNITED STATES OF AME,3/13/2023
DCMT,Decimet Sales,3,,UNITED STATES OF AME,3/13/2023
CAMP,Campolonghi,3,,UNITED STATES OF AME,3/13/2023
STTIT,Stonetile Tiles,3,,UNITED STATES OF AME,3/13/2023
ALOST,Alamo Stone,3,,UNITED STATES OF AME,3/13/2023
ELEMO,Elegant Mosaics,3,,UNITED STATES OF AME,3/13/2023
ASCN,Ascension,3,,UNITED STATES OF AME,3/13/2023
SPECA,Spec Atheltic,3,,UNITED STATES OF AME,3/13/2023
STNAL,Stone Ally,3,,UNITED STATES OF AME,3/13/2023
BELTI,BelTile,3,,UNITED STATES OF AME,3/13/2023
CTSCE,CTS Cement Manufacturing Corp.,3,,UNITED STATES OF AME,3/13/2023
MGRP,MGroup,3,,UNITED STATES OF AME,3/13/2023
HILLM,Hillman Flooring & Design,3,,UNITED STATES OF AME,3/13/2023
REPFL,Republic Floor,3,,UNITED STATES OF AME,3/13/2023
INDCT,Indiana Cut Stone,3,,UNITED STATES OF AME,3/13/2023
PELIC,Pelican Ceramic Industries,3,,UNITED STATES OF AME,3/13/2023
DIASF,Diamond Surfaces,3,,UNITED STATES OF AME,3/13/2023
HMPKR,Hamilton Parker,3,,UNITED STATES OF AME,3/13/2023
OWFLG,Old World Flagstone,3,,UNITED STATES OF AME,3/13/2023
HAVW,Havwoods International,3,,UNITED STATES OF AME,3/13/2023
SHRTP,Shaw Resilient Tile & Plank,3,,UNITED STATES OF AME,3/13/2023
AFR,"Architectural Flooring Resource, Inc.",3,,UNITED STATES OF AME,3/13/2023
JRB,Johnston & Rhodes Bluestone Co.,3,,UNITED STATES OF AME,3/13/2023
UNISL,UniSeal Solutions,3,,UNITED STATES OF AME,3/13/2023
OLDC,Old Carolina Brick Co.,3,,UNITED STATES OF AME,3/13/2023
LILFL,Lititz Flooring Company,3,,UNITED STATES OF AME,3/13/2023
DIAW,Diamond W,3,,UNITED STATES OF AME,3/13/2023
GLOGE,Global Gem Flooring,3,,UNITED STATES OF AME,3/13/2023
@WORK,@Work Carpet Tile,3,,UNITED STATES OF AME,3/13/2023
OTB,Old Texas Brick,3,,UNITED STATES OF AME,3/13/2023
ASL,ASL Stone,3,,UNITED STATES OF AME,3/13/2023
SBHS,Shaw Builder Hard Surface,3,,UNITED STATES OF AME,3/13/2023
USATF,USA Turf Store,3,,UNITED STATES OF AME,3/13/2023
GENR,Genrose Stone + Tile,3,,UNITED STATES OF AME,3/13/2023
BISB,Bison Brick,3,,UNITED STATES OF AME,3/13/2023
PRVTL,Private Label,3,,UNITED STATES OF AME,3/13/2023
RSEEN,Reese Enterprises,3,,UNITED STATES OF AME,3/13/2023
CMH,CM Hospitality,3,,UNITED STATES OF AME,3/13/2023
ACMET,Acme Brick Tile & Stone,3,,UNITED STATES OF AME,3/13/2023
PERA,Pera Tile,3,,UNITED STATES OF AME,3/13/2023
THOU,"Tile House of Marietta, Inc.",3,,UNITED STATES OF AME,3/13/2023
EAD,Erin Adams Designs,3,,UNITED STATES OF AME,3/13/2023
TRIDL,Trident Luxury Vinyl Flooring,3,,UNITED STATES OF AME,3/13/2023
MM&T,Moroccan Mosaic & Tile House,3,,UNITED STATES OF AME,3/13/2023
FLORC,Florina Ceramics,3,,UNITED STATES OF AME,3/13/2023
PADUA,Padua,3,,UNITED STATES OF AME,3/13/2023
MERBK,Meridian Brick,3,,UNITED STATES OF AME,3/13/2023
COSEN,Cosentino,3,,UNITED STATES OF AME,3/13/2023
RUSTO,Rust-Oleum Corp.,3,,UNITED STATES OF AME,3/13/2023
COMTI,commodiTile,3,,UNITED STATES OF AME,3/13/2023
WALTH,Wall Theory,3,,UNITED STATES OF AME,3/13/2023
DAYTN,Dayton Superior,3,,UNITED STATES OF AME,3/13/2023
WLDFL,WorldFloorsDirect,3,,UNITED STATES OF AME,3/13/2023
HRNR,Horner Sports,3,,UNITED STATES OF AME,3/13/2023
VLFL,Vallaria Floors,3,,UNITED STATES OF AME,3/13/2023
CASAB,Casabella Ceramiche,3,,UNITED STATES OF AME,3/13/2023
STNMO,Stone Mosaics,3,,UNITED STATES OF AME,3/13/2023
ACCFL,Access Floor Systems,3,,UNITED STATES OF AME,3/13/2023
STNIM,Stone Impressions,3,,UNITED STATES OF AME,3/13/2023
PETAN,Petra Antiqua,3,,UNITED STATES OF AME,3/13/2023
WELIN,Wel International,3,,UNITED STATES OF AME,3/13/2023
MILLW,Millworks Flooring,3,,UNITED STATES OF AME,3/13/2023
MIRM,Mir Mosaic,3,,UNITED STATES OF AME,3/13/2023
COBA,Cobalt Surfaces,3,,UNITED STATES OF AME,3/13/2023
MYR,MYR Ceramica,3,,UNITED STATES OF AME,3/13/2023
EVSTP,EverStep Flooring,3,,UNITED STATES OF AME,3/13/2023
QUINM,Quintessa Mosaics,3,,UNITED STATES OF AME,3/13/2023
SOEL,Soelberg Industries,3,,UNITED STATES OF AME,3/13/2023
S USF,Shaw USF Commercial,3,,UNITED STATES OF AME,3/13/2023
RHP,"RH Products Co., Inc.",3,,UNITED STATES OF AME,3/13/2023
SELF,Self Style,3,,UNITED STATES OF AME,3/13/2023
PPG,PPG,3,,UNITED STATES OF AME,3/13/2023
ASTRC,Astro Carpet Mills,3,,UNITED STATES OF AME,3/13/2023
NEWST,Newstar Industrial Co. Ltd (China),3,,UNITED STATES OF AME,3/13/2023
F+S,Forms+Surfaces,3,,UNITED STATES OF AME,3/13/2023
BRKDS,Brick Design Co,3,,UNITED STATES OF AME,3/13/2023
LTBLK,Lightblocks,3,,UNITED STATES OF AME,3/13/2023
AGRBU,Agrob Buchtal,3,,UNITED STATES OF AME,3/13/2023
S BHS,Shaw Builder Hard Surface,3,,UNITED STATES OF AME,3/13/2023
DOMCE,Dom Ceramiche,3,,UNITED STATES OF AME,3/13/2023
AKUA,Akua,3,,UNITED STATES OF AME,3/13/2023
NATU,Natucer Ceramica Natural,3,,UNITED STATES OF AME,3/13/2023
PREST,Presidio Tile,3,,UNITED STATES OF AME,3/13/2023
AKUA2,Akua,3,,UNITED STATES OF AME,3/13/2023
S TS,Shaw Tile & Stone,3,,UNITED STATES OF AME,3/13/2023
PAC,Pan American Ceramics,3,,UNITED STATES OF AME,3/13/2023
TFO,Tile Factory Outlet,3,,UNITED STATES OF AME,3/13/2023
DECTE,Dec-Tec,3,,UNITED STATES OF AME,3/13/2023
USF,USF Commercial,3,,UNITED STATES OF AME,3/13/2023
DKSN,Dickson,3,,UNITED STATES OF AME,3/13/2023
STC,Stone Central Inc.,3,,UNITED STATES OF AME,3/13/2023
COLLI,Ceramica Colli di Sassuolo,3,,UNITED STATES OF AME,3/13/2023
TSC,The Stone Collection,3,,UNITED STATES OF AME,3/13/2023
M2,M2 Innovative Concepts,3,,UNITED STATES OF AME,3/13/2023
GNS,Glaze 'n Seal,3,,UNITED STATES OF AME,3/13/2023
CRSTD,CR Studio 4,3,,UNITED STATES OF AME,3/13/2023
H&C,H&C Products,3,,UNITED STATES OF AME,3/13/2023
LAWFL,Lawson Floors,3,,UNITED STATES OF AME,3/13/2023
EUCLD,The Euclid Chemical Company,3,,UNITED STATES OF AME,3/13/2023
NAUT,Nautilus Premium A&D Products,3,,UNITED STATES OF AME,3/13/2023
BGT,Bella Glass Tiles,3,,UNITED STATES OF AME,3/13/2023
INSCH,Installers Choice,3,,UNITED STATES OF AME,3/13/2023
JIANB,Jiangsu Beier Decoration Material,3,,UNITED STATES OF AME,3/13/2023
CTREX,Countertop Expressions,3,,UNITED STATES OF AME,3/13/2023
SNST,Sun Stone,3,,UNITED STATES OF AME,3/13/2023
ZAND,Zandur Innovative Flooring,3,,UNITED STATES OF AME,3/13/2023
BEAU,Beau Flor,3,,UNITED STATES OF AME,3/13/2023
SVSF,Savannah Surfaces,3,,UNITED STATES OF AME,3/13/2023
QDI,Quarries Direct International,3,,UNITED STATES OF AME,3/13/2023
H&S,Holland & Sherry,3,,UNITED STATES OF AME,3/13/2023
LUCPE,LucidiPevere,3,,UNITED STATES OF AME,3/13/2023
MCLAR,Michael Aram,3,,UNITED STATES OF AME,3/13/2023
B&F,B&F Ceramics,3,,UNITED STATES OF AME,3/13/2023
TICIR,Tile Circle,3,,UNITED STATES OF AME,3/13/2023
EDGW,Edgewater Stone & Surfaces,3,,UNITED STATES OF AME,3/13/2023
S3,S3 Surface Solutions,3,,UNITED STATES OF AME,3/13/2023
S RR,Shaw Residential Resilient,3,,UNITED STATES OF AME,3/13/2023
BDSI,Bodesi,3,,UNITED STATES OF AME,3/13/2023
SCYP,South Cypress,3,,UNITED STATES OF AME,3/13/2023
PADEX,Padexpo Stone & Covering,3,,UNITED STATES OF AME,3/13/2023
GNPLM,General Polymer,3,,UNITED STATES OF AME,3/13/2023
PATAS,Patara Stone,3,,UNITED STATES OF AME,3/13/2023
OWH,OW Hospitality,3,,UNITED STATES OF AME,3/13/2023
SLVTR,Salvatori,3,,UNITED STATES OF AME,3/13/2023
TILEC,Tileco,3,,UNITED STATES OF AME,3/13/2023
MERDE,Merit Decor,3,,UNITED STATES OF AME,3/13/2023
BARTL,Bartell Global,,,UNITED STATES OF AME,8/16/2024
ECO2,ECO2,3,,UNITED STATES OF AME,01/08/2025
HAKW,Hakwood,3,,UNITED STATES OF AME,01/09/2025
CLRRT,Color Rite,3,,UNITED STATES OF AME,5/13/2024
RAMB,Ram Board,3,,UNITED STATES OF AME,7/23/2024
BIP,Bison Innovative Products,3,,UNITED STATES OF AME,09/09/2024
OFF,Office Related,,,,01/10/2025
RBLGX,RubberLogix,3,,UNITED STATES OF AME,6/26/2024
AQARM,AquaArmor,,,UNITED STATES OF AME,8/16/2024
STYAC,StyleAccess,3,,UNITED STATES OF AME,01/08/2025
SWKR,Swiss Krono,,,UNITED STATES OF AME,01/09/2025
NTDI,NT Diamond Tools,3,,UNITED STATES OF AME,3/21/2025
WEDI,Wedi Corporation,3,,UNITED STATES OF AME,5/13/2024
LOBA,Loba,3,,UNITED STATES OF AME,5/29/2024
TRIM,Trimaco,3,,UNITED STATES OF AME,6/26/2024
ACTFS,Action Floor Systems,,,UNITED STATES OF AME,8/16/2024
FREIGHT,Freight,3,,UNITED STATES OF AME,12/05/2024
NVRS,Neverstrip,,,,01/09/2025
SAR,SAR Floors,3,,UNITED STATES OF AME,3/13/2023
IMINT,Images in Tile USA,3,,UNITED STATES OF AME,3/13/2023
AALTO,Aalto Marble Inlay,3,,UNITED STATES OF AME,3/13/2023
LOLOE,Loloey,3,,UNITED STATES OF AME,3/13/2023
BRKF,Brickform,3,,UNITED STATES OF AME,3/13/2023
WTCO,Wayne Tile Company,3,,UNITED STATES OF AME,3/13/2023
STNTD,Stone Tile Depot,3,,UNITED STATES OF AME,3/13/2023
OTXB,Old Texas Brick,3,,UNITED STATES OF AME,3/13/2023
ARCC,Arcana Ceramica,3,,UNITED STATES OF AME,3/13/2023
TSAR,TSAR Carpets,3,,UNITED STATES OF AME,3/13/2023
PALMR,Palmetto Road,3,,UNITED STATES OF AME,3/13/2023
SNDIS,Sound Isolation Company,3,,UNITED STATES OF AME,3/13/2023
MBLWH,Marble Warehouse,3,,UNITED STATES OF AME,3/13/2023
SIMPST,Simple Steps,3,,UNITED STATES OF AME,3/13/2023
ASAPDE,ASAP Design,3,,UNITED STATES OF AME,3/13/2023
AZFX,AZFaux,3,,UNITED STATES OF AME,3/13/2023
TOL,Tiles of Lucca,3,,UNITED STATES OF AME,3/13/2023
TENA,Tenacity,3,,UNITED STATES OF AME,3/13/2023
TMT,Tailor-Made Textiles,3,,UNITED STATES OF AME,3/13/2023
PLFSURF,Platform Surfaces,3,,UNITED STATES OF AME,3/13/2023
PAULC,Paul Ceramiche,3,,UNITED STATES OF AME,3/13/2023
QD,Quemere Designs,3,,UNITED STATES OF AME,3/13/2023
RSG,Rosetta Stone Group,3,,UNITED STATES OF AME,3/13/2023
VERWF,Vercade Wall Fashion,3,,UNITED STATES OF AME,3/13/2023
BAHR,The Bahr Company,3,,UNITED STATES OF AME,7/25/2024
STHCA,Southern Carlson,,,UNITED STATES OF AME,8/16/2024
ENTC,Entech,,,UNITED STATES OF AME,8/16/2024
HYDB,HydroBlok,,,UNITED STATES OF AME,01/08/2025
PBWW,PBWW Inc.,3,,UNITED STATES OF AME,6/26/2024
PRMA,Proma,3,,UNITED STATES OF AME,6/26/2024
RAIM,Raimondi S.P.A.,3,,UNITED STATES OF AME,6/26/2024
ULIN,Uline,3,,UNITED STATES OF AME,6/26/2024
LQN,Liquid Nails,3,,UNITED STATES OF AME,07/10/2024
WHTCP,White Cap,3,,UNITED STATES OF AME,8/16/2024
MATBD,Matting By Design,,,UNITED STATES OF AME,8/16/2024
LABOR,Labor,3,,UNITED STATES OF AME,12/05/2024
PRJ,Project Related,,,,01/10/2025
FLT,Fine Line Tile,,,UNITED STATES OF AME,5/31/2023
LCHA,Leech Adhesives,,,UNITED STATES OF AME,5/31/2023
DWTS,DW Tile & Stone,,,UNITED STATES OF AME,5/31/2023
KPH,Karen Pearse Home,,,UNITED STATES OF AME,5/31/2023
HSTILE,Highstyle Stone & Tile,,,UNITED STATES OF AME,5/31/2023
CRME,Ceramica Etc.,,,UNITED STATES OF AME,5/31/2023
VIVES,VIVES Azulejos y Gres,,,UNITED STATES OF AME,5/31/2023
CEMT,Cemento,,,UNITED STATES OF AME,5/31/2023
TCN,Tile Connection,,,UNITED STATES OF AME,5/31/2023
CCTI,Concerti,,,UNITED STATES OF AME,5/31/2023
QUA,QUA,,,UNITED STATES OF AME,5/31/2023
CVW,Coveworks,,,UNITED STATES OF AME,5/31/2023
STUDA,StudioArt,,,UNITED STATES OF AME,5/31/2023
ELET,Elevator Transformations,,,UNITED STATES OF AME,8/30/2023
AMSNTF,American Syn-Turf,,,UNITED STATES OF AME,8/30/2023
CSIC,CSI Creative,,,UNITED STATES OF AME,8/30/2023
PROVFS,Provident Flooring Solutions,,,UNITED STATES OF AME,8/30/2023
PJI,Patrick James Inc.,,,UNITED STATES OF AME,8/30/2023
ETX,ETX Surfaces,,,UNITED STATES OF AME,8/30/2023
TISCA,Tisca Tiara,,,UNITED STATES OF AME,8/30/2023
PRB,Pacific Resource Brokers,,,UNITED STATES OF AME,8/30/2023
TAM,Tile America,,,UNITED STATES OF AME,8/30/2023
MRSHL,Marshalls,,,UNITED STATES OF AME,8/30/2023
GIF,Graphic Image Flooring,,,UNITED STATES OF AME,8/30/2023
C&C,C&C Wholesale,,,UNITED STATES OF AME,8/30/2023
MME,Marme,,,UNITED STATES OF AME,8/30/2023
DTE,Dynamic Terrazzo Environments,,,UNITED STATES OF AME,8/30/2023
BELD,Belden,,,UNITED STATES OF AME,8/30/2023
SSOL,Surface Solutions,,,UNITED STATES OF AME,8/30/2023
DEK,DEKKO Concrete,,,UNITED STATES OF AME,8/30/2023
BHW,BHW Floors,,,UNITED STATES OF AME,8/30/2023
DMS,Design My Space LLC,,,UNITED STATES OF AME,8/30/2023
GENCT,Genesee Ceramic Tile,,,UNITED STATES OF AME,8/30/2023
PLPZ,PoloPlaz,3,,UNITED STATES OF AME,6/26/2024
SRFSH,Surface Shields,3,,UNITED STATES OF AME,6/26/2024
TEGO,Tego Systems,3,,UNITED STATES OF AME,6/26/2024
XLNTH,XL North,,,UNITED STATES OF AME,01/08/2025
CHSC,Chase Corp,3,,UNITED STATES OF AME,01/09/2025
MXON,Maxxon,,,UNITED STATES OF AME,01/09/2025
LAVI,Lavina,,,UNITED STATES OF AME,2/18/2025
KRET,Kretus,3,,UNITED STATES OF AME,2/18/2025
